,Um,Ur,Ud,C_target
0,0.70172,0.70287,0.77656,0.0
1,0.70175,0.70305,0.77649,0.0
2,0.70177,0.70299,0.77649,0.0
3,0.70173,0.70329,0.77649,0.0
4,0.70214,0.70309,0.77651,0.0
5,0.70196,0.70317,0.77647,0.0
6,0.70197,0.70327,0.77653,0.0
7,0.70189,0.70323,0.77649,0.0
8,0.70182,0.70339,0.77651,0.0
9,0.70184,0.70338,0.77652,0.0
10,0.70193,0.70342,0.77655,0.0
11,0.70218,0.70338,0.77651,0.0
12,0.70204,0.70319,0.77658,0.0
13,0.70208,0.70335,0.77653,0.0
14,0.70203,0.70346,0.77652,0.0
15,0.70203,0.70342,0.77653,0.0
16,0.70203,0.70356,0.77656,0.0
17,0.70222,0.70358,0.77655,0.0
18,0.70219,0.70335,0.7766,0.0
19,0.70209,0.7036,0.77656,0.0
20,0.70208,0.70352,0.77654,0.0
21,0.70227,0.70338,0.77656,0.0
22,0.70226,0.70356,0.77654,0.0
23,0.70227,0.70353,0.77655,0.0
24,0.70241,0.7034,0.77656,0.0
25,0.70223,0.70357,0.77657,0.0
26,0.70223,0.70382,0.77661,0.0
27,0.7021,0.7035,0.77655,0.0
28,0.7021,0.70362,0.77652,0.0
29,0.70226,0.7034,0.77663,0.0
30,0.70212,0.70363,0.7766,0.0
31,0.70228,0.70367,0.77658,0.0
32,0.70229,0.70364,0.77658,0.0
33,0.70211,0.70369,0.77662,0.0
34,0.70224,0.70384,0.77657,0.0
35,0.7023,0.7036,0.7766,0.0
36,0.70227,0.7039,0.77661,0.0
37,0.70222,0.70391,0.77663,0.0
38,0.70245,0.70392,0.7766,0.0
39,0.70241,0.70377,0.77658,0.0
40,0.70234,0.70372,0.77664,0.0
41,0.70245,0.70393,0.77663,0.0
42,0.70242,0.70398,0.77661,0.0
43,0.70256,0.70398,0.7766,0.0
44,0.70227,0.70399,0.77659,0.0
45,0.70239,0.70409,0.77663,0.0
46,0.70246,0.70393,0.77664,0.0
47,0.70252,0.70388,0.77659,0.0
48,0.70241,0.70395,0.77659,0.0
49,0.70242,0.70405,0.77664,0.0
50,0.70249,0.7042,0.77664,0.0
51,0.7027,0.70417,0.77663,0.0
52,0.70264,0.70396,0.77662,0.0
53,0.70245,0.70399,0.77658,0.0
54,0.70242,0.70392,0.77661,0.0
55,0.70247,0.70393,0.77659,0.0
56,0.70241,0.70398,0.77663,0.0
57,0.70275,0.70385,0.77663,0.0
58,0.7023,0.70417,0.77667,0.0
59,0.70242,0.70404,0.77663,0.0
60,0.70249,0.70415,0.77662,0.0
61,0.7024,0.70418,0.77664,0.0
62,0.70275,0.70411,0.77666,0.0
63,0.70255,0.70422,0.77659,0.0
64,0.70273,0.70412,0.7766,0.0
65,0.70244,0.70433,0.77665,0.0
66,0.70268,0.70423,0.77665,0.0
67,0.70259,0.70445,0.77665,0.0
68,0.70261,0.70421,0.77666,0.0
69,0.7026,0.70431,0.77665,0.0
70,0.70258,0.70428,0.77669,0.0
71,0.70275,0.70423,0.77667,0.0
72,0.70279,0.70444,0.77663,0.0
73,0.70271,0.70429,0.77661,0.0
74,0.70268,0.70425,0.77668,0.0
75,0.70242,0.70413,0.77662,0.0
76,0.7026,0.70434,0.7766,0.0
77,0.70245,0.70431,0.77666,0.0
78,0.70247,0.70438,0.77662,0.0
79,0.70249,0.70444,0.7766,0.0
80,0.7027,0.70445,0.77667,0.0
81,0.70258,0.70436,0.77664,0.0
82,0.70255,0.70427,0.77662,0.0
83,0.70277,0.70449,0.77666,0.0
84,0.70259,0.70439,0.77659,0.0
85,0.70264,0.70453,0.77664,0.0
86,0.70271,0.70452,0.77668,0.0
87,0.70269,0.7043,0.77659,0.0
88,0.70267,0.70434,0.77668,0.0
89,0.70261,0.70457,0.77666,0.0
90,0.70258,0.70457,0.77664,0.0
91,0.7027,0.70463,0.77668,0.0
92,0.70283,0.70428,0.77667,0.0
93,0.70275,0.70443,0.77664,0.0
94,0.70291,0.70445,0.77663,0.0
95,0.70281,0.70445,0.7767,0.0
96,0.7027,0.70447,0.77667,0.0
97,0.70255,0.70462,0.77663,0.0
98,0.70289,0.70451,0.77664,0.0
99,0.70292,0.70464,0.7767,0.0
100,0.70283,0.70446,0.77668,0.0
101,0.70283,0.7044,0.77666,0.0
102,0.70279,0.70443,0.77672,0.0
103,0.7029,0.70462,0.77663,0.0
104,0.70291,0.70464,0.77667,0.0
105,0.70284,0.70446,0.77663,0.0
106,0.70279,0.70448,0.77669,0.0
107,0.70279,0.70457,0.7767,0.0
108,0.70286,0.70462,0.77671,0.0
109,0.70289,0.70449,0.77672,0.0
110,0.70291,0.70444,0.77665,0.0
111,0.70282,0.7046,0.77664,0.0
112,0.70292,0.7047,0.77672,0.0
113,0.70301,0.70463,0.77668,0.0
114,0.70311,0.70487,0.77669,0.0
115,0.70322,0.70494,0.77668,0.0
116,0.70285,0.70484,0.77674,0.0
117,0.70292,0.70477,0.77674,0.0
118,0.70312,0.70488,0.77669,0.0
119,0.7029,0.70473,0.77669,0.0
120,0.7031,0.7048,0.77674,0.0
121,0.70307,0.70491,0.77675,0.0
122,0.70304,0.70464,0.77666,0.0
123,0.70317,0.70494,0.77674,0.0
124,0.7031,0.70497,0.77673,0.0
125,0.70311,0.70487,0.77669,0.0
126,0.70293,0.7047,0.77671,0.0
127,0.70317,0.70502,0.77673,0.0
128,0.70316,0.70486,0.77671,0.0
129,0.70325,0.70493,0.77673,0.0
130,0.70313,0.70494,0.77679,0.0
131,0.7031,0.70501,0.77677,0.0
132,0.70318,0.70505,0.77677,0.0
133,0.70315,0.70506,0.77674,0.0
134,0.70307,0.70502,0.77673,0.0
135,0.70304,0.70505,0.77674,0.0
136,0.70303,0.70497,0.77677,0.0
137,0.70302,0.7049,0.77675,0.0
138,0.70304,0.70479,0.77681,0.0
139,0.70309,0.70477,0.77677,0.0
140,0.70302,0.70506,0.77675,0.0
141,0.70326,0.70507,0.77676,0.0
142,0.70304,0.70496,0.77678,0.0
143,0.70338,0.70499,0.77677,0.0
144,0.7031,0.70509,0.77679,0.0
145,0.7033,0.70503,0.77678,0.0
146,0.70332,0.70511,0.77674,0.0
147,0.70338,0.70525,0.77674,0.0
148,0.70331,0.70515,0.77676,0.0
149,0.70342,0.70514,0.77675,0.0
150,0.7033,0.70541,0.77679,0.0
151,0.70329,0.70525,0.7768,0.0
152,0.70329,0.70536,0.77684,0.0
153,0.70326,0.70542,0.77681,0.0
154,0.70336,0.70535,0.77688,0.0
155,0.70349,0.70573,0.77686,0.0
156,0.70363,0.70566,0.77682,0.0
157,0.70356,0.70551,0.77687,0.0
158,0.70353,0.70566,0.77688,0.0
159,0.70372,0.70579,0.77692,0.0
160,0.70382,0.70595,0.77689,0.0
161,0.70398,0.7058,0.7769,0.0
162,0.70385,0.70618,0.77691,0.0
163,0.70396,0.70601,0.77692,0.0
164,0.704,0.70629,0.77698,0.0
165,0.70419,0.70649,0.77703,0.0
166,0.7042,0.70648,0.777,0.0
167,0.70413,0.70658,0.77703,0.0
168,0.70443,0.70671,0.77705,0.0
169,0.70452,0.70697,0.77709,0.0
170,0.70448,0.70713,0.77716,0.0
171,0.70496,0.70721,0.77714,0.0
172,0.70509,0.70756,0.77715,0.0
173,0.70498,0.70774,0.77721,0.0
174,0.7052,0.70789,0.7772,0.0
175,0.70552,0.7083,0.77726,0.0
176,0.70554,0.70858,0.7774,0.0
177,0.70558,0.70878,0.77741,0.0
178,0.70572,0.70909,0.77746,0.0
179,0.70627,0.70944,0.77752,0.0
180,0.70632,0.70976,0.77757,0.0
181,0.70668,0.71004,0.77761,0.0
182,0.70704,0.71028,0.77769,0.0
183,0.70715,0.71061,0.77773,0.0
184,0.70719,0.71117,0.7778,0.0
185,0.70773,0.71135,0.77787,0.0
186,0.70804,0.71198,0.7779,0.0
187,0.70832,0.71226,0.778,0.0
188,0.70847,0.71293,0.77814,0.0
189,0.70884,0.71314,0.77814,0.0
190,0.70924,0.71369,0.7782,0.0
191,0.70953,0.71428,0.77828,0.0
192,0.71008,0.715,0.77838,0.0
193,0.71031,0.71541,0.77844,0.0
194,0.71067,0.71601,0.77857,0.0
195,0.71111,0.7165,0.77864,0.0
196,0.71161,0.71693,0.7787,0.0
197,0.71206,0.71763,0.77882,0.0
198,0.71247,0.7182,0.77893,0.0
199,0.713,0.71891,0.77897,0.0
200,0.71338,0.71942,0.77912,0.0
201,0.71378,0.72008,0.77921,0.0
202,0.71418,0.72082,0.77928,0.0
203,0.71447,0.72138,0.77936,0.0
204,0.71501,0.72218,0.77946,0.0
205,0.71555,0.7226,0.77961,0.0
206,0.71607,0.72354,0.77968,0.0
207,0.71652,0.72416,0.77986,0.0
208,0.71721,0.72503,0.77991,0.0
209,0.71742,0.72572,0.77999,0.0
210,0.71831,0.72668,0.78014,0.0
211,0.71877,0.72711,0.78022,0.0
212,0.71939,0.72802,0.78033,0.0
213,0.71986,0.72884,0.78046,0.0
214,0.72048,0.72968,0.78059,0.0
215,0.72086,0.73031,0.78072,0.0
216,0.72176,0.73121,0.78082,0.0
217,0.72234,0.73202,0.78095,0.0
218,0.72271,0.73272,0.78106,0.0
219,0.72337,0.73372,0.78119,0.0
220,0.7237,0.73444,0.78129,0.0
221,0.72433,0.7353,0.78142,0.0
222,0.72498,0.73593,0.78147,0.0
223,0.72566,0.73696,0.78163,0.0
224,0.72597,0.73791,0.78174,0.0
225,0.72666,0.73868,0.78184,0.0
226,0.72726,0.73937,0.78204,0.0
227,0.72796,0.74039,0.78213,0.0
228,0.72877,0.74118,0.78224,0.0
229,0.72913,0.74191,0.78241,0.0
230,0.72955,0.74279,0.78244,0.0
231,0.73055,0.74362,0.78262,0.0
232,0.73084,0.74429,0.78268,0.0
233,0.7315,0.74548,0.78285,0.0
234,0.73215,0.7464,0.78298,0.0
235,0.73279,0.74713,0.78309,0.0
236,0.73331,0.74798,0.78316,0.0
237,0.73399,0.74867,0.78332,0.0
238,0.73433,0.74947,0.78342,0.0
239,0.73495,0.75046,0.78355,0.0
240,0.73569,0.75124,0.7837,0.0
241,0.73636,0.75213,0.7838,0.0
242,0.73662,0.75299,0.78394,0.0
243,0.73749,0.75383,0.78403,0.0
244,0.73799,0.75462,0.78414,0.0
245,0.73868,0.75536,0.7843,0.0
246,0.73909,0.75629,0.78444,0.0
247,0.73975,0.75721,0.78454,0.0
248,0.74016,0.75786,0.78462,0.0
249,0.74076,0.75869,0.7848,0.0
250,0.74111,0.75944,0.7848,0.0
251,0.74189,0.76027,0.78497,0.0
252,0.74241,0.76112,0.78509,0.0
253,0.74319,0.76202,0.78524,0.0
254,0.74379,0.76286,0.78541,0.0
255,0.74437,0.76371,0.78553,0.0
256,0.74493,0.76441,0.7856,0.0
257,0.74554,0.76526,0.78576,0.0
258,0.74594,0.76603,0.78585,0.0
259,0.74638,0.76691,0.78597,0.0
260,0.74694,0.76776,0.78609,0.0
261,0.74754,0.76837,0.78616,0.0
262,0.74802,0.76934,0.78628,0.0
263,0.74877,0.77013,0.78642,0.0
264,0.74919,0.77092,0.78653,0.0
265,0.74993,0.77171,0.78663,0.0
266,0.75035,0.77255,0.78676,0.0
267,0.75079,0.77328,0.78682,0.0
268,0.75147,0.77401,0.78698,0.0
269,0.75206,0.77495,0.78707,0.0
270,0.75272,0.77555,0.78721,0.0
271,0.75308,0.7764,0.78733,0.0
272,0.75362,0.7771,0.78742,0.0
273,0.75401,0.77778,0.78754,0.0
274,0.75463,0.77871,0.78761,0.0
275,0.75517,0.77947,0.78772,0.0
276,0.75583,0.78022,0.78781,0.0
277,0.75626,0.78098,0.78796,0.0
278,0.75685,0.7819,0.78803,0.0
279,0.75733,0.78264,0.78819,0.0
280,0.75785,0.78365,0.78827,0.0
281,0.75817,0.78421,0.78837,0.0
282,0.75884,0.78487,0.78848,0.0
283,0.75943,0.78566,0.78857,0.0
284,0.75997,0.78638,0.7887,0.0
285,0.76058,0.7874,0.78885,0.0
286,0.76107,0.78803,0.78888,0.0
287,0.76136,0.78877,0.78902,0.0
288,0.7619,0.78944,0.78912,0.0
289,0.76247,0.79025,0.7892,0.0
290,0.76288,0.79101,0.78934,0.0
291,0.7636,0.79191,0.78944,0.0
292,0.76415,0.79244,0.78954,0.0
293,0.76472,0.79327,0.78963,0.0
294,0.76516,0.79408,0.78977,0.0
295,0.76564,0.79465,0.78986,0.0
296,0.76628,0.79544,0.78993,0.0
297,0.76666,0.79622,0.79008,0.0
298,0.76721,0.79698,0.79014,0.0
299,0.76769,0.7977,0.79026,0.0
300,0.76815,0.79845,0.79035,0.0
301,0.76881,0.79931,0.79044,0.0
302,0.76913,0.79989,0.79056,0.0
303,0.76992,0.80057,0.79066,0.0
304,0.7702,0.80145,0.79078,0.0
305,0.77083,0.80213,0.7909,0.0
306,0.77135,0.80296,0.79092,0.0
307,0.77181,0.80367,0.79111,0.0
308,0.77201,0.80439,0.79115,0.0
309,0.77281,0.80513,0.7913,0.0
310,0.77321,0.80579,0.79143,0.0
311,0.77363,0.80659,0.79151,0.0
312,0.77439,0.80719,0.79158,0.0
313,0.77462,0.80806,0.79166,0.0
314,0.7753,0.80869,0.79173,0.0
315,0.77585,0.80935,0.79188,0.0
316,0.77623,0.81019,0.79196,0.0
317,0.77671,0.81079,0.79206,0.0
318,0.77717,0.81145,0.79216,0.0
319,0.77757,0.81223,0.79232,0.0
320,0.7781,0.81298,0.79239,0.0
321,0.77854,0.81346,0.79241,0.0
322,0.77905,0.81423,0.79252,0.0
323,0.77956,0.81498,0.79266,0.0
324,0.78006,0.81566,0.79272,0.0
325,0.78049,0.81648,0.7928,0.0
326,0.78101,0.81703,0.79287,0.0
327,0.78118,0.81765,0.79299,0.0
328,0.78182,0.81833,0.79307,0.0
329,0.78224,0.81903,0.79318,0.0
330,0.78273,0.81956,0.79321,0.0
331,0.78309,0.82016,0.79329,0.0
332,0.78366,0.82098,0.79341,0.0
333,0.78417,0.82156,0.79354,0.0
334,0.78455,0.82231,0.79359,0.0
335,0.78494,0.82286,0.7937,0.0
336,0.7856,0.8235,0.79376,0.0
337,0.78568,0.82428,0.79385,0.0
338,0.78625,0.82498,0.79394,0.0
339,0.78656,0.8255,0.79408,0.0
340,0.78719,0.82607,0.79413,0.0
341,0.78759,0.82682,0.79422,0.0
342,0.78802,0.82731,0.79427,0.0
343,0.78844,0.82783,0.79436,0.0
344,0.78885,0.82841,0.79445,0.0
345,0.78923,0.82922,0.79453,0.0
346,0.7898,0.82962,0.79461,0.0
347,0.79007,0.83039,0.79474,0.0
348,0.79045,0.83078,0.79475,0.0
349,0.79093,0.83149,0.79486,0.0
350,0.79105,0.83221,0.79492,0.0
351,0.79158,0.83253,0.79501,0.0
352,0.79211,0.83315,0.79508,0.0
353,0.7924,0.83373,0.79516,0.0
354,0.79278,0.83447,0.79523,0.0
355,0.79324,0.83496,0.79532,0.0
356,0.79379,0.83546,0.7954,0.0
357,0.79396,0.83597,0.79544,0.0
358,0.79418,0.83682,0.79552,0.0
359,0.79458,0.83723,0.79557,0.0
360,0.79492,0.83775,0.79564,0.0
361,0.79553,0.83821,0.79572,0.0
362,0.79594,0.83892,0.7958,0.0
363,0.79619,0.83946,0.79588,0.0
364,0.79654,0.84001,0.79603,0.0
365,0.79707,0.84036,0.79603,0.0
366,0.79741,0.84107,0.79616,0.0
367,0.79772,0.84148,0.79616,0.0
368,0.79812,0.84214,0.79621,0.0
369,0.79832,0.84262,0.79631,0.0
370,0.79869,0.84319,0.7964,0.0
371,0.79899,0.84361,0.79646,0.0
372,0.79944,0.84418,0.79654,0.0
373,0.79979,0.84469,0.7966,0.0
374,0.80013,0.8453,0.79663,0.0
375,0.80044,0.84553,0.79673,0.0
376,0.8009,0.84625,0.79679,0.0
377,0.80114,0.8468,0.79688,0.0
378,0.80149,0.84741,0.79692,0.0
379,0.80199,0.84759,0.79697,0.0
380,0.80216,0.84806,0.79703,0.0
381,0.80257,0.84876,0.79711,0.0
382,0.80283,0.84919,0.79718,0.0
383,0.8032,0.84957,0.79724,0.0
384,0.80347,0.84996,0.79727,0.0
385,0.80374,0.85063,0.79727,0.0
386,0.80418,0.85096,0.79741,0.0
387,0.80452,0.85137,0.79746,0.0
388,0.80475,0.85195,0.79754,0.0
389,0.80523,0.85238,0.79762,0.0
390,0.8055,0.85285,0.79763,0.0
391,0.80574,0.85335,0.79771,0.0
392,0.80607,0.85394,0.79778,0.0
393,0.80641,0.85441,0.79787,0.0
394,0.80674,0.85471,0.79792,0.0
395,0.80716,0.8552,0.79796,0.0
396,0.8072,0.85556,0.79801,0.0
397,0.80751,0.85618,0.79812,0.0
398,0.80788,0.85646,0.79819,0.0
399,0.80819,0.85712,0.79816,0.0
400,0.80832,0.8573,0.79823,0.0
401,0.80888,0.8576,0.79828,0.0
402,0.80904,0.85815,0.79834,0.0
403,0.80925,0.8588,0.79843,0.0
404,0.8095,0.85926,0.7985,0.0
405,0.80994,0.85952,0.79851,0.0
406,0.81021,0.8598,0.79859,0.0
407,0.81059,0.86037,0.79866,0.0
408,0.81069,0.86052,0.79866,0.0
409,0.81101,0.86107,0.79873,0.0
410,0.81134,0.86154,0.79883,0.0
411,0.81165,0.8619,0.79883,0.0
412,0.81183,0.8623,0.79888,0.0
413,0.81202,0.86262,0.79889,0.0
414,0.81247,0.86308,0.799,0.0
415,0.81262,0.8634,0.79904,0.0
416,0.81289,0.86387,0.79912,0.0
417,0.81332,0.86424,0.79918,0.0
418,0.81339,0.86454,0.79919,0.0
419,0.81348,0.86501,0.79925,0.0
420,0.81394,0.86529,0.7993,0.0
421,0.81427,0.86582,0.79939,0.0
422,0.81454,0.8661,0.79936,0.0
423,0.81484,0.86651,0.79947,0.0
424,0.815,0.86664,0.79948,0.0
425,0.81513,0.86736,0.79948,0.0
426,0.81547,0.86765,0.79959,0.0
427,0.81594,0.86785,0.79959,0.0
428,0.81589,0.86817,0.79969,0.0
429,0.81613,0.86852,0.7997,0.0
430,0.81644,0.8689,0.79976,0.0
431,0.81643,0.86919,0.7998,0.0
432,0.81695,0.86965,0.79986,0.0
433,0.81711,0.87,0.79989,0.0
434,0.81736,0.87025,0.79993,0.0
435,0.81749,0.87058,0.79999,0.0
436,0.81782,0.87098,0.80004,0.0
437,0.81805,0.8713,0.80005,0.0
438,0.81836,0.87173,0.80013,0.0
439,0.81843,0.87187,0.80014,0.0
440,0.81881,0.87234,0.80016,0.0
441,0.81878,0.8724,0.80023,0.0
442,0.81892,0.87302,0.8003,0.0
443,0.81931,0.87325,0.80038,0.0
444,0.81956,0.8735,0.80039,0.0
445,0.81978,0.87378,0.8004,0.0
446,0.81989,0.87409,0.80048,0.0
447,0.82022,0.87445,0.80051,0.0
448,0.82039,0.87466,0.80056,0.0
449,0.82056,0.87515,0.80058,0.0
450,0.82092,0.87551,0.80062,0.0
451,0.82095,0.87569,0.80062,0.0
452,0.82124,0.8759,0.80069,0.0
453,0.82133,0.87616,0.80069,0.0
454,0.82143,0.87652,0.80075,0.0
455,0.82177,0.8766,0.80083,0.0
456,0.822,0.87703,0.80088,0.0
457,0.82224,0.87737,0.80086,0.0
458,0.82234,0.87753,0.80091,0.0
459,0.82249,0.87798,0.80091,0.0
460,0.82277,0.87813,0.80098,0.0
461,0.82289,0.87833,0.80102,0.0
462,0.82306,0.87856,0.80103,0.0
463,0.82325,0.87895,0.80111,0.0
464,0.82335,0.87913,0.80109,0.0
465,0.82354,0.87931,0.80114,0.0
466,0.82396,0.87967,0.80114,0.0
467,0.82403,0.87995,0.8012,0.0
468,0.8242,0.88022,0.80125,0.0
469,0.82428,0.8804,0.80125,0.0
470,0.82443,0.88076,0.80127,0.0
471,0.82454,0.88101,0.80131,0.0
472,0.82488,0.88127,0.80136,0.0
473,0.82503,0.8815,0.80144,0.0
474,0.82511,0.88178,0.80149,0.0
475,0.82537,0.88201,0.80147,0.0
476,0.82554,0.88202,0.80145,0.0
477,0.82559,0.88233,0.80153,0.0
478,0.82574,0.88265,0.80149,0.0
479,0.82599,0.88284,0.8016,0.0
480,0.82615,0.88296,0.8016,0.0
481,0.82629,0.88327,0.8016,0.0
482,0.82657,0.88351,0.80166,0.0
483,0.8266,0.8839,0.80168,0.0
484,0.82691,0.88396,0.80171,0.0
485,0.82678,0.88422,0.80176,0.0
486,0.82709,0.88444,0.80174,0.0
487,0.82736,0.88465,0.80179,0.0
488,0.8273,0.88483,0.80185,0.0
489,0.82747,0.885,0.80186,0.0
490,0.82754,0.88527,0.80188,0.0
491,0.82756,0.88543,0.80193,0.0
492,0.82792,0.88558,0.80188,0.0
493,0.82801,0.88579,0.80193,0.0
494,0.82816,0.88615,0.802,0.0
495,0.8283,0.88626,0.80202,0.0
496,0.82831,0.88644,0.80204,0.0
497,0.82851,0.88669,0.80203,0.0
498,0.8287,0.88691,0.80206,0.0
499,0.82869,0.88719,0.80212,0.0
500,0.82918,0.88737,0.80211,0.0
501,0.82911,0.88742,0.80216,0.0
502,0.82914,0.88771,0.80217,0.0
503,0.82925,0.88782,0.8022,0.0
504,0.82942,0.88794,0.80222,0.0
505,0.8295,0.88821,0.80226,0.0
506,0.82982,0.88831,0.80229,0.0
507,0.82974,0.88853,0.80231,0.0
508,0.82991,0.88872,0.80231,0.0
509,0.83007,0.88873,0.80233,0.0
510,0.83021,0.88921,0.80232,0.0
511,0.83016,0.88926,0.80232,0.0
512,0.83045,0.88947,0.80237,0.0
513,0.83053,0.88958,0.80246,0.0
514,0.8306,0.88976,0.80244,0.0
515,0.83075,0.88996,0.80244,0.0
516,0.83077,0.88992,0.80251,0.0
517,0.83102,0.89022,0.80249,0.0
518,0.83117,0.8905,0.80254,0.0
519,0.83129,0.89061,0.80253,0.0
520,0.83136,0.8908,0.80258,0.0
521,0.83156,0.89087,0.8026,0.0
522,0.83159,0.89093,0.80256,0.0
523,0.83169,0.89105,0.80265,0.0
524,0.83188,0.89121,0.80263,0.0
525,0.83183,0.89155,0.80267,0.0
526,0.83188,0.89161,0.80269,0.0
527,0.83201,0.89166,0.80273,0.0
528,0.8321,0.89197,0.80274,0.0
529,0.83215,0.8921,0.80273,0.0
530,0.83232,0.89216,0.80272,0.0
531,0.83247,0.89249,0.80276,0.0
532,0.83253,0.8926,0.80282,0.0
533,0.83268,0.89262,0.80284,0.0
534,0.8327,0.89287,0.80285,0.0
535,0.83283,0.8928,0.80282,0.0
536,0.83297,0.89289,0.80284,0.0
537,0.83315,0.89301,0.80283,0.0
538,0.83318,0.89329,0.8029,0.0
539,0.83311,0.89327,0.80291,0.0
540,0.83325,0.89339,0.80291,0.0
541,0.83342,0.89367,0.8029,0.0
542,0.83331,0.89378,0.80296,0.0
543,0.83345,0.89388,0.80293,0.0
544,0.83365,0.89413,0.80298,0.0
545,0.83362,0.89416,0.80295,0.0
546,0.83364,0.89422,0.80303,0.0
547,0.83394,0.89438,0.80305,0.0
548,0.83384,0.89455,0.80304,0.0
549,0.83406,0.89463,0.80308,0.0
550,0.83406,0.89474,0.80302,0.0
551,0.8341,0.89493,0.80309,0.0
552,0.83427,0.89492,0.80312,0.0
553,0.83432,0.89515,0.8031,0.0
554,0.83446,0.89524,0.80314,0.0
555,0.8345,0.8954,0.80317,0.0
556,0.83436,0.8955,0.80316,0.0
557,0.83457,0.89545,0.80317,0.0
558,0.83477,0.89576,0.80319,0.0
559,0.83495,0.89588,0.80319,0.0
560,0.8348,0.89588,0.80319,0.0
561,0.83505,0.89598,0.80324,0.0
562,0.8351,0.89605,0.80323,0.0
563,0.83516,0.89625,0.80326,0.0
564,0.83526,0.89642,0.80334,0.0
565,0.83508,0.89641,0.80328,0.0
566,0.83535,0.89632,0.8033,0.0
567,0.83534,0.89667,0.80331,0.0
568,0.83547,0.89675,0.80336,0.0
569,0.83546,0.89685,0.80331,0.0
570,0.83547,0.89687,0.80338,0.0
571,0.83565,0.897,0.80337,0.0
572,0.83581,0.89712,0.80339,0.0
573,0.83588,0.89736,0.80341,0.0
574,0.8359,0.89738,0.80338,0.0
575,0.83599,0.89749,0.80343,0.0
576,0.83596,0.89759,0.80343,0.0
577,0.83598,0.89751,0.80343,0.0
578,0.83613,0.89777,0.80348,0.0
579,0.83613,0.89784,0.80352,0.0
580,0.83615,0.89773,0.80351,0.0
581,0.83611,0.89807,0.80348,0.0
582,0.83648,0.89803,0.80349,0.0
583,0.83641,0.89815,0.80351,0.0
584,0.83652,0.89827,0.80357,0.0
585,0.83644,0.89834,0.80353,0.0
586,0.8366,0.8983,0.80351,0.0
587,0.83666,0.89835,0.8035,0.0
588,0.83655,0.89864,0.80349,0.0
589,0.83683,0.89875,0.8036,0.0
590,0.8369,0.89873,0.8036,0.0
591,0.83694,0.89894,0.8036,0.0
592,0.83696,0.89911,0.80361,0.0
593,0.83698,0.89892,0.80364,0.0
594,0.83706,0.89905,0.80361,0.0
595,0.837,0.89909,0.80363,0.0
596,0.83723,0.89916,0.80365,0.0
597,0.83717,0.8995,0.80363,0.0
598,0.83728,0.89941,0.80369,0.0
599,0.83741,0.89955,0.80367,0.0
600,0.83744,0.89952,0.80368,0.0
601,0.83738,0.89951,0.80373,0.0
602,0.83743,0.89974,0.80368,0.0
603,0.83745,0.89975,0.80371,0.0
604,0.83751,0.89974,0.80376,0.0
605,0.83759,0.89987,0.80376,0.0
606,0.83764,0.89987,0.80377,0.0
607,0.83788,0.90022,0.80382,0.0
608,0.83784,0.90011,0.80377,0.0
609,0.838,0.90022,0.80379,0.0
610,0.83788,0.90023,0.80382,0.0
611,0.83788,0.9003,0.80379,0.0
612,0.83802,0.90045,0.80381,0.0
613,0.83795,0.90052,0.80382,0.0
614,0.838,0.90051,0.80385,0.0
615,0.83816,0.9005,0.80383,0.0
616,0.8383,0.90061,0.8038,0.0
617,0.83827,0.90066,0.80381,0.0
618,0.83831,0.90087,0.80381,0.0
619,0.83826,0.90071,0.80384,0.0
620,0.83836,0.90094,0.80389,0.0
621,0.8385,0.90097,0.8039,0.0
622,0.83834,0.90101,0.80388,0.0
623,0.8383,0.90101,0.80392,0.0
624,0.83856,0.90111,0.80385,0.0
625,0.83875,0.90123,0.8039,0.0
626,0.8384,0.90125,0.80387,0.0
627,0.83848,0.90111,0.80388,0.0
628,0.83837,0.90127,0.80391,0.0
629,0.83856,0.90128,0.80394,0.0
630,0.83853,0.90131,0.8039,0.0
631,0.83856,0.90141,0.80395,0.0
632,0.8386,0.90169,0.80389,0.0
633,0.8388,0.90162,0.80393,0.0
634,0.83873,0.90151,0.80394,0.0
635,0.83879,0.90161,0.80398,0.0
636,0.83883,0.9017,0.80395,0.0
637,0.83885,0.90158,0.804,0.0
638,0.83899,0.90163,0.80395,0.0
639,0.83891,0.90164,0.80391,0.0
640,0.83888,0.90182,0.80393,0.0
641,0.83888,0.90176,0.80394,0.0
642,0.83884,0.90174,0.80395,0.0
643,0.83886,0.90172,0.80393,0.0
644,0.8388,0.90175,0.80396,0.0
645,0.83891,0.90167,0.80394,0.0
646,0.83892,0.90169,0.80392,0.0
647,0.83889,0.90176,0.8039,0.0
648,0.83878,0.90179,0.80396,0.0
649,0.83884,0.90178,0.80397,0.0
650,0.83903,0.90182,0.80394,0.0
651,0.83888,0.90161,0.80396,0.0
652,0.83881,0.90158,0.8039,0.0
653,0.83894,0.90168,0.80393,0.0
654,0.83875,0.90172,0.80396,0.0
655,0.83875,0.90135,0.80391,0.0
656,0.83869,0.9014,0.80394,0.0
657,0.83873,0.90125,0.80386,0.0
658,0.83884,0.90128,0.80381,0.0
659,0.83869,0.90115,0.80387,0.0
660,0.83857,0.90111,0.80389,0.0
661,0.83847,0.90099,0.80384,0.0
662,0.83845,0.90099,0.80385,0.0
663,0.8384,0.90091,0.8038,0.0
664,0.83833,0.90083,0.80379,0.0
665,0.83832,0.90076,0.80381,0.0
666,0.83812,0.90079,0.80378,0.0
667,0.83798,0.9005,0.80375,0.0
668,0.83806,0.90013,0.80372,0.0
669,0.83784,0.9001,0.80371,0.0
670,0.83792,0.90003,0.80373,0.0
671,0.83797,0.89995,0.80375,0.0
672,0.83774,0.89984,0.8037,0.0
673,0.8376,0.89988,0.80365,0.0
674,0.83739,0.89946,0.80366,0.0
675,0.83744,0.89941,0.80362,0.0
676,0.8372,0.8993,0.80359,0.0
677,0.83698,0.89905,0.80361,0.0
678,0.83683,0.89901,0.80363,0.0
679,0.83694,0.89882,0.80355,0.0
680,0.83671,0.89847,0.80355,0.0
681,0.83648,0.89838,0.8035,0.0
682,0.83657,0.89827,0.80349,0.0
683,0.8363,0.89813,0.80344,0.0
684,0.8362,0.89782,0.80343,0.0
685,0.83622,0.89758,0.8034,0.0
686,0.83597,0.89733,0.80341,0.0
687,0.83588,0.89712,0.80333,0.0
688,0.83551,0.89684,0.80328,0.0
689,0.83539,0.89659,0.80326,0.0
690,0.83535,0.89637,0.80323,0.0
691,0.8353,0.89608,0.80319,0.0
692,0.83493,0.896,0.8032,0.0
693,0.83473,0.89582,0.80313,0.0
694,0.83462,0.89566,0.80314,0.0
695,0.83443,0.89528,0.80309,0.0
696,0.83432,0.89491,0.80305,0.0
697,0.83414,0.89474,0.80302,0.0
698,0.83389,0.89426,0.803,0.0
699,0.83371,0.89391,0.8029,0.0
700,0.83352,0.89388,0.8029,0.0
701,0.83341,0.89338,0.80287,0.0
702,0.83303,0.89321,0.80281,0.0
703,0.83279,0.89282,0.80278,0.0
704,0.83282,0.89268,0.80275,0.0
705,0.83236,0.89236,0.80275,0.0
706,0.83222,0.89215,0.80264,0.0
707,0.83203,0.89165,0.8026,0.0
708,0.83205,0.89131,0.8026,0.0
709,0.83163,0.89106,0.80256,0.0
710,0.83145,0.8908,0.80249,0.0
711,0.83114,0.89034,0.8024,0.0
712,0.83091,0.89003,0.80243,0.0
713,0.83045,0.88961,0.80237,0.0
714,0.83043,0.88917,0.80231,0.0
715,0.82996,0.88891,0.80231,0.0
716,0.82986,0.88835,0.80222,0.0
717,0.82948,0.88795,0.80217,0.0
718,0.82927,0.88768,0.80212,0.0
719,0.82894,0.88708,0.80205,0.0
720,0.82878,0.88685,0.802,0.0
721,0.82832,0.88632,0.80195,0.0
722,0.82813,0.88599,0.80193,0.0
723,0.82782,0.88559,0.8019,0.0
724,0.82772,0.88512,0.80178,0.0
725,0.82731,0.88459,0.80171,0.0
726,0.82679,0.88418,0.80168,0.0
727,0.82661,0.88364,0.80166,0.0
728,0.8262,0.88317,0.80156,0.0
729,0.82586,0.88281,0.80148,0.0
730,0.82558,0.88238,0.80144,0.0
731,0.82545,0.88183,0.80135,0.0
732,0.82497,0.88123,0.80131,0.0
733,0.82474,0.88093,0.80127,0.0
734,0.82412,0.88045,0.80117,0.0
735,0.82392,0.88003,0.80111,0.0
736,0.82371,0.87946,0.80102,0.0
737,0.82328,0.87886,0.80098,0.0
738,0.823,0.87833,0.80089,0.0
739,0.82269,0.87789,0.80089,0.0
740,0.82233,0.87728,0.80077,0.0
741,0.82189,0.87691,0.80071,0.0
742,0.82167,0.87639,0.80065,0.0
743,0.8212,0.8758,0.80055,0.0
744,0.82092,0.87521,0.80053,0.0
745,0.82036,0.87469,0.80044,0.0
746,0.82016,0.87422,0.80035,0.0
747,0.8198,0.87369,0.8003,0.0
748,0.81961,0.87315,0.80024,0.0
749,0.81921,0.87249,0.80013,0.0
750,0.81872,0.87202,0.80007,0.0
751,0.81842,0.87145,0.80004,0.0
752,0.81794,0.87091,0.7999,0.0
753,0.81753,0.87027,0.79983,0.0
754,0.81718,0.86971,0.79977,0.0
755,0.81657,0.86918,0.79974,0.0
756,0.81637,0.86847,0.79961,0.0
757,0.8159,0.86775,0.79957,0.0
758,0.81534,0.86729,0.79946,0.0
759,0.81493,0.86648,0.79941,0.0
760,0.81429,0.86573,0.79933,0.0
761,0.8139,0.86514,0.79922,0.0
762,0.81352,0.86448,0.7991,0.0
763,0.813,0.86376,0.79907,0.0
764,0.8124,0.86301,0.79892,0.0
765,0.81203,0.86213,0.79886,0.0
766,0.81143,0.8613,0.79876,0.0
767,0.81082,0.86056,0.79863,0.0
768,0.81012,0.85992,0.79847,0.0
769,0.80966,0.85894,0.79841,0.0
770,0.80917,0.85808,0.79828,0.0
771,0.80853,0.85727,0.79819,0.0
772,0.808,0.85637,0.79807,0.0
773,0.80725,0.85546,0.79792,0.0
774,0.80666,0.85454,0.79782,0.0
775,0.80601,0.85354,0.79773,0.0
776,0.80539,0.8526,0.79755,0.0
777,0.80466,0.85161,0.79746,0.0
778,0.80398,0.85077,0.7973,0.0
779,0.80339,0.84975,0.79722,0.0
780,0.80284,0.84881,0.79703,0.0
781,0.80209,0.8477,0.79695,0.0
782,0.80146,0.84669,0.79679,0.0
783,0.80076,0.84569,0.79667,0.0
784,0.80009,0.84453,0.79653,0.0
785,0.79935,0.84362,0.79639,0.0
786,0.79859,0.84256,0.79626,0.0
787,0.79786,0.84162,0.79613,0.0
788,0.79714,0.8407,0.79598,0.0
789,0.79657,0.8396,0.79583,0.0
790,0.79578,0.83853,0.79568,0.0
791,0.79504,0.83759,0.79553,0.0
792,0.79438,0.83663,0.79542,0.0
793,0.79366,0.83555,0.79529,0.0
794,0.79303,0.83434,0.79522,0.0
795,0.79226,0.83355,0.79506,0.0
796,0.7914,0.83247,0.79486,0.0
797,0.79106,0.83148,0.79477,0.0
798,0.79052,0.83052,0.79469,0.0
799,0.78976,0.82976,0.79453,0.0
800,0.78917,0.82869,0.79439,0.0
801,0.78849,0.82784,0.79426,0.0
802,0.7877,0.82686,0.79413,0.0
803,0.78719,0.8257,0.794,0.0
804,0.78644,0.82468,0.79388,0.0
805,0.78579,0.82369,0.79376,0.0
806,0.78489,0.82287,0.79363,0.0
807,0.7844,0.82204,0.79347,0.0
808,0.78394,0.82089,0.79331,0.0
809,0.7832,0.81993,0.79317,0.0
810,0.78236,0.81892,0.79308,0.0
811,0.78178,0.81785,0.79296,0.0
812,0.78108,0.81692,0.79284,0.0
813,0.7805,0.81595,0.7927,0.0
814,0.77959,0.81472,0.79257,0.0
815,0.7789,0.81371,0.79236,0.0
816,0.77817,0.81262,0.79223,0.0
817,0.77737,0.81155,0.79206,0.0
818,0.77667,0.81045,0.79197,0.0
819,0.77582,0.8094,0.79174,0.0
820,0.77514,0.80818,0.79163,0.0
821,0.77422,0.80695,0.79144,0.0
822,0.77342,0.80584,0.79126,0.0
823,0.77272,0.80472,0.79115,0.0
824,0.77196,0.80333,0.79095,0.0
825,0.77078,0.80193,0.79078,0.0
826,0.77003,0.80086,0.79063,0.0
827,0.76922,0.79974,0.79043,0.0
828,0.76841,0.79849,0.79027,0.0
829,0.76752,0.7972,0.79008,0.0
830,0.76656,0.79577,0.78996,0.0
831,0.76558,0.79446,0.78969,0.0
832,0.76473,0.79311,0.78958,0.0
833,0.76393,0.79187,0.78934,0.0
834,0.76301,0.79046,0.7892,0.0
835,0.76198,0.78918,0.789,0.0
836,0.76114,0.78798,0.78883,0.0
837,0.76021,0.78654,0.78863,0.0
838,0.75909,0.78511,0.78844,0.0
839,0.75833,0.78391,0.78829,0.0
840,0.75734,0.78238,0.78809,0.0
841,0.75653,0.78119,0.78791,0.0
842,0.75552,0.77962,0.78771,0.0
843,0.75467,0.77856,0.78749,0.0
844,0.75381,0.77701,0.78731,0.0
845,0.75279,0.77558,0.78715,0.0
846,0.75175,0.77416,0.78694,0.0
847,0.75078,0.77283,0.78676,0.0
848,0.74984,0.77138,0.78652,0.0
849,0.7488,0.76983,0.78638,0.0
850,0.74785,0.76828,0.78615,0.0
851,0.74685,0.76705,0.78591,0.0
852,0.74592,0.76539,0.78572,0.0
853,0.74508,0.76416,0.78551,0.0
854,0.74364,0.76254,0.78527,0.0
855,0.74281,0.76109,0.78507,0.0
856,0.74166,0.75969,0.7849,0.0
857,0.74077,0.75812,0.78463,0.0
858,0.73966,0.75685,0.78447,0.0
859,0.73871,0.75531,0.78429,0.0
860,0.73774,0.75382,0.78402,0.0
861,0.73646,0.75227,0.78382,0.0
862,0.73572,0.75088,0.78368,0.0
863,0.73469,0.7494,0.78346,0.0
864,0.73362,0.74819,0.78321,0.0
865,0.73259,0.74661,0.78301,0.0
866,0.73166,0.74507,0.78278,0.0
867,0.73075,0.74379,0.78262,0.0
868,0.72954,0.74233,0.78241,0.0
869,0.7287,0.74104,0.78216,0.0
870,0.72796,0.73975,0.78202,0.0
871,0.72711,0.73835,0.78188,0.0
872,0.72593,0.73706,0.78165,0.0
873,0.72513,0.73569,0.78145,0.0
874,0.72426,0.73443,0.7813,0.0
875,0.72334,0.73328,0.78105,0.0
876,0.72259,0.73224,0.78085,0.0
877,0.72165,0.7309,0.78077,0.0
878,0.72075,0.72974,0.78059,0.0
879,0.71997,0.7285,0.78043,0.0
880,0.71899,0.72733,0.78025,0.0
881,0.71827,0.72612,0.78007,0.0
882,0.71746,0.72531,0.77988,0.0
883,0.71657,0.72385,0.77977,0.0
884,0.71591,0.72293,0.77958,0.0
885,0.71499,0.72168,0.77944,0.0
886,0.71439,0.72053,0.77931,0.0
887,0.71366,0.71953,0.77911,0.0
888,0.71292,0.7186,0.77897,0.0
889,0.71193,0.71763,0.77878,0.0
890,0.71153,0.71631,0.77865,0.0
891,0.7107,0.71526,0.77847,0.0
892,0.70974,0.71431,0.77832,0.0
893,0.70905,0.71314,0.77819,0.0
894,0.70827,0.71186,0.77804,0.0
895,0.70754,0.71104,0.77788,0.0
896,0.70675,0.70981,0.77772,0.0
897,0.70571,0.70866,0.77753,0.0
898,0.70518,0.70761,0.77739,0.0
899,0.70458,0.70679,0.77725,0.0
900,0.70361,0.70548,0.77719,0.0
901,0.70283,0.70415,0.77705,0.0
902,0.7019,0.70276,0.77686,0.0
903,0.70122,0.70173,0.77667,0.0
904,0.70021,0.7004,0.77651,0.0
905,0.69935,0.69928,0.77636,0.0
906,0.69831,0.69791,0.77626,0.0
907,0.69748,0.69665,0.77611,0.0
908,0.69686,0.69549,0.7759,0.0
909,0.69546,0.69384,0.77566,0.0
910,0.69472,0.69249,0.77547,0.0
911,0.69378,0.69112,0.7753,0.0
912,0.69287,0.68962,0.77511,0.0
913,0.69184,0.68838,0.77494,0.0
914,0.69094,0.68689,0.77465,0.0
915,0.68988,0.68546,0.77448,0.0
916,0.68888,0.68404,0.77417,0.0
917,0.6879,0.68252,0.77397,0.0
918,0.68687,0.68104,0.77376,0.0
919,0.68584,0.67947,0.77354,0.0
920,0.68474,0.67777,0.77327,0.0
921,0.68366,0.67612,0.77307,0.0
922,0.68269,0.67473,0.7728,0.0
923,0.6813,0.67341,0.77254,0.0
924,0.68007,0.67146,0.7723,0.0
925,0.67911,0.66992,0.77209,0.0
926,0.6783,0.66827,0.77183,0.0
927,0.67707,0.66665,0.77159,0.0
928,0.6759,0.66514,0.77144,0.0
929,0.67495,0.66344,0.77114,0.0
930,0.67366,0.66201,0.77092,0.0
931,0.67256,0.66053,0.7707,0.0
932,0.67147,0.6588,0.77048,0.0
933,0.67084,0.65734,0.77025,0.0
934,0.66936,0.65558,0.76999,0.0
935,0.66837,0.65418,0.76973,0.0
936,0.6673,0.6527,0.76954,0.0
937,0.6664,0.65116,0.76923,0.0
938,0.6654,0.64979,0.76909,0.0
939,0.66446,0.6481,0.76884,0.0
940,0.6633,0.64691,0.76862,0.0
941,0.66219,0.64527,0.76844,0.0
942,0.66138,0.64393,0.76824,0.0
943,0.66069,0.64261,0.76805,0.0
944,0.65947,0.64113,0.76778,0.0
945,0.65867,0.6398,0.76755,0.0
946,0.65755,0.63842,0.7674,0.0
947,0.65695,0.63723,0.76718,0.0
948,0.65589,0.63575,0.76702,0.0
949,0.65488,0.6345,0.76681,0.0
950,0.65411,0.63334,0.76663,0.0
951,0.65316,0.63201,0.76644,0.0
952,0.65223,0.63094,0.76627,0.0
953,0.65134,0.62957,0.76613,0.0
954,0.65049,0.62858,0.76586,0.0
955,0.64994,0.62732,0.7657,0.0
956,0.64899,0.62619,0.76549,0.0
957,0.64782,0.62513,0.76536,0.0
958,0.64758,0.62405,0.76519,0.0
959,0.64674,0.62322,0.76495,0.0
960,0.646,0.62199,0.76482,0.0
961,0.64525,0.62085,0.76468,0.0
962,0.64458,0.62001,0.76449,0.0
963,0.64371,0.61881,0.76435,0.0
964,0.64269,0.61773,0.76421,0.0
965,0.64176,0.61675,0.76411,0.0
966,0.64159,0.61567,0.76389,0.0
967,0.64092,0.61492,0.76372,0.0
968,0.64036,0.61399,0.76353,0.0
969,0.63931,0.61307,0.76346,0.0
970,0.63912,0.61226,0.76331,0.0
971,0.63831,0.61098,0.76318,0.0
972,0.63762,0.61031,0.76296,0.0
973,0.63704,0.60938,0.76288,0.0
974,0.63638,0.60861,0.76272,0.0
975,0.63576,0.60766,0.76261,0.0
976,0.63519,0.60682,0.76247,0.0
977,0.63443,0.60578,0.7623,0.0
978,0.63378,0.60495,0.76218,0.0
979,0.63343,0.60398,0.76208,0.0
980,0.63259,0.60346,0.76183,0.0
981,0.63242,0.60237,0.76177,0.0
982,0.63165,0.60178,0.76166,0.0
983,0.63113,0.60086,0.76157,0.0
984,0.63039,0.59998,0.76142,0.0
985,0.62983,0.59933,0.76134,0.0
986,0.62942,0.59855,0.76122,0.0
987,0.62869,0.59776,0.76108,0.0
988,0.62864,0.59717,0.76096,0.0
989,0.62772,0.59652,0.76085,0.0
990,0.62755,0.59569,0.76072,0.0
991,0.62673,0.59484,0.76058,0.0
992,0.62633,0.59412,0.76052,0.0
993,0.6254,0.5934,0.76039,0.0
994,0.62537,0.59279,0.76026,0.0
995,0.62475,0.5921,0.76011,0.0
996,0.62413,0.5913,0.76006,0.0
997,0.62373,0.5905,0.75993,0.0
998,0.62298,0.5901,0.75985,0.0
999,0.6227,0.58924,0.75969,0.0
1000,0.62206,0.58846,0.7596,0.0
1001,0.62174,0.58755,0.75951,0.0
1002,0.62133,0.587,0.75942,0.0
1003,0.62089,0.58644,0.75936,0.0
1004,0.62037,0.5859,0.75928,0.0
1005,0.61984,0.58516,0.75912,0.0
1006,0.61977,0.58459,0.759,0.0
1007,0.61902,0.58396,0.75889,0.0
1008,0.61846,0.5831,0.75883,0.0
1009,0.61788,0.58269,0.75869,0.0
1010,0.61732,0.58189,0.7586,0.0
1011,0.61715,0.58114,0.75854,0.0
1012,0.61651,0.5808,0.75839,0.0
1013,0.61618,0.57992,0.75832,0.0
1014,0.61572,0.57924,0.75818,0.0
1015,0.61554,0.57883,0.75804,0.0
1016,0.61488,0.57814,0.75804,0.0
1017,0.61433,0.57745,0.75788,0.0
1018,0.61387,0.57662,0.75782,0.0
1019,0.61341,0.5761,0.75775,0.0
1020,0.61314,0.57571,0.75762,0.0
1021,0.61245,0.57506,0.75753,0.0
1022,0.61209,0.57448,0.7574,0.0
1023,0.61178,0.57358,0.75725,0.0
1024,0.61134,0.57302,0.75716,0.0
1025,0.61091,0.57231,0.75713,0.0
1026,0.61041,0.57192,0.75702,0.0
1027,0.61012,0.57134,0.75699,0.0
1028,0.60959,0.57069,0.75683,0.0
1029,0.60942,0.57032,0.75684,0.0
1030,0.60851,0.5697,0.75678,0.0
1031,0.6082,0.56906,0.75661,0.0
1032,0.60795,0.56821,0.7565,0.0
1033,0.60734,0.56761,0.75633,0.0
1034,0.60708,0.56713,0.75632,0.0
1035,0.6066,0.56675,0.75621,0.0
1036,0.60609,0.56584,0.75612,0.0
1037,0.60585,0.56551,0.75605,0.0
1038,0.60546,0.56491,0.75596,0.0
1039,0.60508,0.56428,0.75589,0.0
1040,0.60457,0.56387,0.75577,0.0
1041,0.60439,0.56324,0.75573,0.0
1042,0.60376,0.56258,0.7556,0.0
1043,0.60334,0.56211,0.75554,0.0
1044,0.60278,0.56157,0.75546,0.0
1045,0.60248,0.5608,0.75537,0.0
1046,0.60222,0.56034,0.75529,0.0
1047,0.60183,0.55994,0.75521,0.0
1048,0.60128,0.55929,0.75513,0.0
1049,0.60089,0.55864,0.75499,0.0
1050,0.60041,0.55823,0.7549,0.0
1051,0.60021,0.55749,0.75483,0.0
1052,0.59989,0.55728,0.75477,0.0
1053,0.5995,0.55654,0.75471,0.0
1054,0.59887,0.55621,0.75459,0.0
1055,0.59887,0.55541,0.75449,0.0
1056,0.59839,0.55477,0.75441,0.0
1057,0.59789,0.55431,0.75434,0.0
1058,0.59741,0.55404,0.7543,0.0
1059,0.59713,0.55325,0.75414,0.0
1060,0.59665,0.55279,0.75406,0.0
1061,0.59609,0.55223,0.75405,0.0
1062,0.59604,0.55171,0.75393,0.0
1063,0.59578,0.55112,0.75389,0.0
1064,0.59519,0.55064,0.75378,0.0
1065,0.59488,0.5502,0.75364,0.0
1066,0.59452,0.54999,0.75367,0.0
1067,0.59417,0.54889,0.75353,0.0
1068,0.59365,0.54845,0.75347,0.0
1069,0.59304,0.54793,0.75338,0.0
1070,0.59277,0.54757,0.75323,0.0
1071,0.59244,0.54669,0.75313,0.0
1072,0.59203,0.54637,0.75309,0.0
1073,0.59181,0.54584,0.75303,0.0
1074,0.59111,0.5452,0.75299,0.0
1075,0.59111,0.54463,0.75286,0.0
1076,0.59054,0.54438,0.75281,0.0
1077,0.59002,0.54385,0.7527,0.0
1078,0.58959,0.54305,0.75264,0.0
1079,0.58951,0.54266,0.75259,0.0
1080,0.58926,0.54224,0.75246,0.0
1081,0.58901,0.54187,0.7524,0.0
1082,0.58846,0.54098,0.75237,0.0
1083,0.5879,0.54082,0.75232,0.0
1084,0.58764,0.54037,0.7522,0.0
1085,0.58711,0.53987,0.75213,0.0
1086,0.58672,0.53924,0.75199,0.0
1087,0.58673,0.53854,0.75198,0.0
1088,0.58635,0.53806,0.75186,0.0
1089,0.58589,0.5376,0.75178,0.0
1090,0.58569,0.53726,0.75167,0.0
1091,0.58498,0.53667,0.75163,0.0
1092,0.58493,0.53599,0.75146,0.0
1093,0.58438,0.53578,0.7514,0.0
1094,0.58402,0.53536,0.75141,0.0
1095,0.5836,0.53474,0.75136,0.0
1096,0.58305,0.53429,0.75121,0.0
1097,0.58307,0.53374,0.75112,0.0
1098,0.58261,0.53298,0.75105,0.0
1099,0.5822,0.53268,0.75097,0.0
1100,0.58174,0.5324,0.75095,0.0
1101,0.58158,0.5319,0.75089,0.0
1102,0.58103,0.53127,0.75076,0.0
1103,0.58069,0.53087,0.7507,0.0
1104,0.58079,0.53021,0.75063,0.0
1105,0.58024,0.53013,0.75062,0.0
1106,0.58001,0.52931,0.75054,0.0
1107,0.57928,0.52863,0.75048,0.0
1108,0.57919,0.52847,0.7504,0.0
1109,0.57882,0.52771,0.75031,0.0
1110,0.57842,0.52747,0.75021,0.0
1111,0.57823,0.52707,0.75009,0.0
1112,0.57821,0.5262,0.75004,0.0
1113,0.57721,0.52585,0.75003,0.0
1114,0.57739,0.52552,0.74994,0.0
1115,0.57686,0.52522,0.74984,0.0
1116,0.57653,0.52443,0.74976,0.0
1117,0.57588,0.52392,0.74963,0.0
1118,0.57558,0.5238,0.74955,0.0
1119,0.5757,0.52278,0.74956,0.0
1120,0.5751,0.52269,0.74948,0.0
1121,0.57454,0.52209,0.74944,0.0
1122,0.57431,0.52176,0.7493,0.0
1123,0.57395,0.52123,0.74925,0.0
1124,0.57407,0.52065,0.74924,0.0
1125,0.57349,0.52003,0.74912,0.0
1126,0.57299,0.51968,0.749,0.0
1127,0.57302,0.51953,0.74896,0.0
1128,0.57261,0.51898,0.7489,0.0
1129,0.57232,0.51865,0.74882,0.0
1130,0.57161,0.51793,0.74876,0.0
1131,0.57164,0.5177,0.74872,0.0
1132,0.57117,0.51695,0.74869,0.0
1133,0.57106,0.51668,0.74863,0.0
1134,0.57082,0.51601,0.7486,0.0
1135,0.57037,0.51586,0.74854,0.0
1136,0.57,0.51556,0.74844,0.0
1137,0.56984,0.51486,0.7484,0.0
1138,0.56944,0.51457,0.7483,0.0
1139,0.56928,0.51413,0.74823,0.0
1140,0.56904,0.51369,0.74814,0.0
1141,0.56853,0.51341,0.74806,0.0
1142,0.56832,0.51265,0.74798,0.0
1143,0.56811,0.51239,0.74793,0.0
1144,0.56778,0.51227,0.74796,0.0
1145,0.56744,0.51179,0.74785,0.0
1146,0.56722,0.51106,0.7478,0.0
1147,0.56684,0.51085,0.7477,0.0
1148,0.5667,0.51051,0.7477,0.0
1149,0.56686,0.50996,0.74763,0.0
1150,0.56638,0.5095,0.74758,0.0
1151,0.56618,0.50925,0.7476,0.0
1152,0.56601,0.50883,0.74752,0.0
1153,0.56547,0.50866,0.74743,0.0
1154,0.56549,0.50808,0.74737,0.0
1155,0.56514,0.5078,0.74736,0.0
1156,0.56504,0.50701,0.74739,0.0
1157,0.56447,0.50705,0.74724,0.0
1158,0.56405,0.50662,0.74717,0.0
1159,0.56397,0.5063,0.74709,0.0
1160,0.56419,0.50582,0.74714,0.0
1161,0.5637,0.50547,0.74702,0.0
1162,0.56333,0.50526,0.74694,0.0
1163,0.56326,0.50476,0.74695,0.0
1164,0.56312,0.50445,0.74689,0.0
1165,0.56336,0.50393,0.74697,0.0
1166,0.56312,0.5037,0.74678,0.0
1167,0.56269,0.50347,0.7468,0.0
1168,0.56251,0.503,0.74678,0.0
1169,0.56181,0.5027,0.74672,0.0
1170,0.56181,0.50257,0.7467,0.0
1171,0.5619,0.50216,0.74673,0.0
1172,0.56166,0.50166,0.74661,0.0
1173,0.56136,0.50152,0.74661,0.0
1174,0.56119,0.50141,0.74656,0.0
1175,0.56089,0.50106,0.74658,0.0
1176,0.56065,0.50065,0.74647,0.0
1177,0.56038,0.50038,0.74649,0.0
1178,0.56025,0.50003,0.74643,0.0
1179,0.56047,0.49953,0.74648,0.0
1180,0.56017,0.49946,0.74638,0.0
1181,0.5598,0.4988,0.74644,0.0
1182,0.55964,0.49834,0.74631,0.0
1183,0.55966,0.49847,0.74627,0.0
1184,0.55919,0.49797,0.74622,0.0
1185,0.55914,0.49784,0.74627,0.0
1186,0.55878,0.49782,0.7462,0.0
1187,0.55894,0.49766,0.7462,0.0
1188,0.5585,0.49723,0.74614,0.0
1189,0.55834,0.49669,0.74613,0.0
1190,0.5581,0.49643,0.74608,0.0
1191,0.55834,0.49621,0.74607,0.0
1192,0.55793,0.49589,0.74603,0.0
1193,0.55774,0.49533,0.74603,0.0
1194,0.55791,0.49499,0.74596,0.0
1195,0.55739,0.49508,0.74596,0.0
1196,0.55755,0.4948,0.74591,0.0
1197,0.55682,0.49457,0.74592,0.0
1198,0.55692,0.49433,0.74589,0.0
1199,0.55686,0.49386,0.74585,0.0
1200,0.55673,0.49336,0.74581,0.0
1201,0.5564,0.49314,0.74578,0.0
1202,0.55627,0.49294,0.74568,0.0
1203,0.55562,0.49262,0.74567,0.0
1204,0.55593,0.49231,0.74568,0.0
1205,0.55556,0.4921,0.74554,0.0
1206,0.55537,0.49177,0.74556,0.0
1207,0.55517,0.49139,0.74545,0.0
1208,0.55517,0.491,0.74544,0.0
1209,0.55474,0.49078,0.74546,0.0
1210,0.5545,0.49077,0.74541,0.0
1211,0.55423,0.49038,0.74534,0.0
1212,0.55396,0.4897,0.74524,0.0
1213,0.55379,0.4895,0.74527,0.0
1214,0.5537,0.4893,0.74516,0.0
1215,0.55328,0.48883,0.74517,0.0
1216,0.55332,0.48863,0.74508,0.0
1217,0.55306,0.48839,0.74509,0.0
1218,0.55302,0.48806,0.74498,0.0
1219,0.55285,0.48782,0.74499,0.0
1220,0.55242,0.48748,0.745,0.0
1221,0.55254,0.48726,0.74483,0.0
1222,0.55201,0.48689,0.74485,0.0
1223,0.55195,0.48652,0.74476,0.0
1224,0.55159,0.48603,0.74472,0.0
1225,0.55118,0.48593,0.74467,0.0
1226,0.55065,0.48579,0.7447,0.0
1227,0.55096,0.48558,0.7446,0.0
1228,0.55058,0.48513,0.7446,0.0
1229,0.55073,0.4848,0.74457,0.0
1230,0.55032,0.48445,0.74445,0.0
1231,0.55014,0.48441,0.74441,0.0
1232,0.54984,0.48392,0.74435,0.0
1233,0.5495,0.48352,0.74439,0.0
1234,0.54929,0.48326,0.74431,0.0
1235,0.54918,0.48315,0.74425,0.0
1236,0.54921,0.48295,0.74427,0.0
1237,0.54888,0.48255,0.74416,0.0
1238,0.54854,0.48211,0.74414,0.0
1239,0.54834,0.48194,0.74406,0.0
1240,0.54844,0.48133,0.74401,0.0
1241,0.54777,0.48105,0.74401,0.0
1242,0.54792,0.48109,0.74398,0.0
1243,0.54781,0.48087,0.74388,0.0
1244,0.54712,0.48046,0.74384,0.0
1245,0.54724,0.48027,0.74379,0.0
1246,0.54712,0.4798,0.74383,0.0
1247,0.54686,0.47983,0.74369,0.0
1248,0.54678,0.47947,0.7437,0.0
1249,0.54639,0.47904,0.74364,0.0
1250,0.54632,0.47865,0.74355,0.0
1251,0.54585,0.47846,0.74353,0.0
1252,0.54579,0.47793,0.74352,0.0
1253,0.54556,0.47787,0.74348,0.0
1254,0.54536,0.47744,0.74344,0.0
1255,0.5452,0.47714,0.74337,0.0
1256,0.54459,0.47705,0.74335,0.0
1257,0.54444,0.47675,0.7433,0.0
1258,0.54452,0.47641,0.74322,0.0
1259,0.54451,0.47663,0.74316,0.0
1260,0.54379,0.47607,0.74311,0.0
1261,0.54382,0.4756,0.74308,0.0
1262,0.54358,0.47572,0.74295,0.0
1263,0.54341,0.47569,0.74303,0.0
1264,0.54326,0.47497,0.74295,0.0
1265,0.5433,0.47495,0.74288,0.0
1266,0.54279,0.47431,0.74294,0.0
1267,0.54285,0.47432,0.74281,0.0
1268,0.54278,0.47399,0.7428,0.0
1269,0.54204,0.47398,0.74272,0.0
1270,0.54215,0.47365,0.74272,0.0
1271,0.54176,0.47346,0.74271,0.0
1272,0.54129,0.47289,0.74267,0.0
1273,0.54142,0.47289,0.74257,0.0
1274,0.54139,0.47263,0.74257,0.0
1275,0.54112,0.47233,0.74257,0.0
1276,0.54101,0.47204,0.74247,0.0
1277,0.5407,0.47196,0.74247,0.0
1278,0.54058,0.4719,0.74234,0.0
1279,0.54059,0.47168,0.74245,0.0
1280,0.54048,0.47136,0.74243,0.0
1281,0.5402,0.47083,0.74235,0.0
1282,0.54059,0.47091,0.74227,0.0
1283,0.53973,0.47064,0.74227,0.0
1284,0.53992,0.47064,0.74224,0.0
1285,0.53963,0.4702,0.7422,0.0
1286,0.53958,0.46985,0.7421,0.0
1287,0.53887,0.46972,0.74208,0.0
1288,0.53869,0.46981,0.74204,0.0
1289,0.53892,0.46935,0.74204,0.0
1290,0.53838,0.46862,0.74196,0.0
1291,0.53843,0.46882,0.74194,0.0
1292,0.53835,0.46864,0.74194,0.0
1293,0.53803,0.46836,0.74207,0.0
1294,0.53817,0.46827,0.74189,0.0
1295,0.53809,0.46812,0.74187,0.0
1296,0.53765,0.46778,0.74177,0.0
1297,0.53781,0.46771,0.74179,0.0
1298,0.53747,0.46735,0.74179,0.0
1299,0.53726,0.46729,0.74164,0.0
1300,0.5374,0.46705,0.74163,0.0
1301,0.5373,0.46688,0.74157,0.0
1302,0.53672,0.46688,0.74156,0.0
1303,0.53705,0.46673,0.74154,0.0
1304,0.53636,0.46621,0.74146,0.0
1305,0.53674,0.46631,0.74148,0.0
1306,0.5364,0.46593,0.74147,0.0
1307,0.53604,0.46573,0.7414,0.0
1308,0.53581,0.4657,0.74134,0.0
1309,0.5357,0.46545,0.74131,0.0
1310,0.53582,0.46526,0.74141,0.0
1311,0.53579,0.46519,0.7413,0.0
1312,0.53568,0.46508,0.74124,0.0
1313,0.53562,0.46484,0.74125,0.0
1314,0.53516,0.46475,0.74125,0.0
1315,0.53487,0.46455,0.74122,0.0
1316,0.53489,0.46446,0.74114,0.0
1317,0.53469,0.46422,0.7411,0.0
1318,0.53453,0.4639,0.74112,0.0
1319,0.53449,0.46361,0.741,0.0
1320,0.53472,0.46371,0.741,0.0
1321,0.5345,0.46353,0.74091,0.0
1322,0.534,0.46317,0.74092,0.0
1323,0.53381,0.46289,0.74092,0.0
1324,0.53389,0.46267,0.7409,0.0
1325,0.53388,0.46286,0.74082,0.0
1326,0.53346,0.46269,0.74074,0.0
1327,0.53333,0.46256,0.74079,0.0
1328,0.53366,0.46217,0.74077,0.0
1329,0.53341,0.46201,0.74082,0.0
1330,0.53343,0.46195,0.7407,0.0
1331,0.53321,0.46183,0.74074,0.0
1332,0.53309,0.4615,0.74067,0.0
1333,0.53262,0.46166,0.74062,0.0
1334,0.53244,0.46139,0.74057,0.0
1335,0.53306,0.46111,0.74057,0.0
1336,0.53224,0.46102,0.7406,0.0
1337,0.53233,0.46079,0.74054,0.0
1338,0.53243,0.461,0.74046,0.0
1339,0.53234,0.46063,0.74051,0.0
1340,0.53172,0.46042,0.74047,0.0
1341,0.5321,0.46009,0.7404,0.0
1342,0.53196,0.46007,0.74048,0.0
1343,0.53202,0.45993,0.74031,0.0
1344,0.53151,0.45948,0.74032,0.0
1345,0.53124,0.45961,0.74033,0.0
1346,0.53101,0.45945,0.74029,0.0
1347,0.53118,0.45952,0.74021,0.0
1348,0.53085,0.4594,0.7403,0.0
1349,0.53087,0.45932,0.74027,0.0
1350,0.53076,0.45912,0.74021,0.0
1351,0.53121,0.45906,0.74013,0.0
1352,0.53075,0.45883,0.74015,0.0
1353,0.53041,0.45866,0.74012,0.0
1354,0.53038,0.45824,0.74004,0.0
1355,0.53003,0.45844,0.74001,0.0
1356,0.53018,0.45851,0.74002,0.0
1357,0.53021,0.45822,0.74005,0.0
1358,0.52995,0.45811,0.73994,0.0
1359,0.53028,0.45777,0.73999,0.0
1360,0.52981,0.45782,0.73999,0.0
1361,0.52953,0.45787,0.73986,0.0
1362,0.52942,0.45773,0.73993,0.0
1363,0.53004,0.45757,0.73994,0.0
1364,0.52964,0.45735,0.73984,0.0
1365,0.52971,0.45758,0.73986,0.0
1366,0.52925,0.45711,0.73986,0.0
1367,0.52968,0.45716,0.73971,0.0
1368,0.52953,0.4568,0.73975,0.0
1369,0.52935,0.45681,0.73975,0.0
1370,0.52935,0.4569,0.73974,0.0
1371,0.52913,0.45665,0.73971,0.0
1372,0.52884,0.45632,0.73968,0.0
1373,0.5289,0.45618,0.73962,0.0
1374,0.52863,0.45626,0.73963,0.0
1375,0.52831,0.45624,0.73962,0.0
1376,0.52858,0.45605,0.73954,0.0
1377,0.52845,0.45595,0.73961,0.0
1378,0.52826,0.4558,0.73958,0.0
1379,0.52824,0.45569,0.73956,0.0
1380,0.52821,0.45596,0.7395,0.0
1381,0.52816,0.45568,0.73948,0.0
1382,0.52829,0.45538,0.7395,0.0
1383,0.52769,0.45516,0.73942,0.0
1384,0.52812,0.45508,0.73941,0.0
1385,0.52754,0.45506,0.7394,0.0
1386,0.52766,0.455,0.73929,0.0
1387,0.52756,0.45502,0.73933,0.0
1388,0.52702,0.45516,0.73932,0.0
1389,0.52782,0.45487,0.73943,0.0
1390,0.52734,0.4547,0.73927,0.0
1391,0.52756,0.45469,0.73929,0.0
1392,0.52728,0.4546,0.73925,0.0
1393,0.52739,0.45438,0.73921,0.0
1394,0.52699,0.45439,0.73929,0.0
1395,0.5274,0.45429,0.73927,0.0
1396,0.52665,0.45427,0.73927,0.0
1397,0.52681,0.45416,0.73918,0.0
1398,0.5274,0.454,0.73916,0.0
1399,0.52696,0.45399,0.7392,0.0
1400,0.52664,0.45375,0.73906,0.0
1401,0.52652,0.45363,0.73906,0.0
1402,0.52625,0.45331,0.73908,0.0
1403,0.52674,0.45327,0.73917,0.0
1404,0.52676,0.45324,0.73893,0.0
1405,0.5261,0.45324,0.73904,0.0
1406,0.52624,0.45319,0.73897,0.0
1407,0.52606,0.45306,0.73901,0.0
1408,0.52568,0.45301,0.73904,0.0
1409,0.52554,0.45279,0.73897,0.0
1410,0.52578,0.45268,0.73899,0.0
1411,0.52604,0.45295,0.73896,0.0
1412,0.52603,0.45267,0.73894,0.0
1413,0.52556,0.45246,0.73885,0.0
1414,0.52517,0.4523,0.73884,0.0
1415,0.52545,0.45237,0.73896,0.0
1416,0.52547,0.45251,0.73891,0.0
1417,0.52548,0.45214,0.73882,0.0
1418,0.52519,0.45216,0.73884,0.0
1419,0.52491,0.45208,0.73881,0.0
1420,0.52567,0.45201,0.73879,0.0
1421,0.52538,0.45201,0.73883,0.0
1422,0.52513,0.45173,0.73874,0.0
1423,0.52498,0.45158,0.73871,0.0
1424,0.5248,0.45151,0.73873,0.0
1425,0.52488,0.45181,0.73876,0.0
1426,0.52448,0.4516,0.73868,0.0
1427,0.52474,0.4513,0.73871,0.0
1428,0.52472,0.45132,0.73872,0.0
1429,0.52474,0.45131,0.73864,0.0
1430,0.52449,0.45122,0.73873,0.0
1431,0.5246,0.45132,0.73861,0.0
1432,0.52418,0.45112,0.73868,0.0
1433,0.52455,0.45088,0.73861,0.0
1434,0.52409,0.45083,0.7386,0.0
1435,0.52423,0.45075,0.73866,0.0
1436,0.524,0.45087,0.73857,0.0
1437,0.52439,0.45073,0.73858,0.0
1438,0.52369,0.45102,0.73865,0.0
1439,0.52392,0.45033,0.73851,0.0
1440,0.52404,0.45092,0.73853,0.0
1441,0.52411,0.45039,0.73852,0.0
1442,0.52371,0.45044,0.73851,0.0
1443,0.52338,0.4502,0.73849,0.0
1444,0.5238,0.45032,0.73854,0.0
1445,0.52343,0.45003,0.73846,0.0
1446,0.52366,0.45024,0.73845,0.0
1447,0.52364,0.45036,0.73855,0.0
1448,0.52366,0.44988,0.73843,0.0
1449,0.52376,0.45019,0.73841,0.0
1450,0.52345,0.45006,0.73844,0.0
1451,0.52343,0.4499,0.73841,0.0
1452,0.52333,0.44977,0.73834,0.0
1453,0.5232,0.44953,0.73836,0.0
1454,0.52298,0.44947,0.73836,0.0
1455,0.52293,0.44946,0.73834,0.0
1456,0.5233,0.44928,0.73829,0.0
1457,0.5228,0.44912,0.73834,0.0
1458,0.52296,0.44932,0.7383,0.0
1459,0.5232,0.44902,0.73836,0.0
1460,0.52266,0.44899,0.73836,0.0
1461,0.52265,0.44911,0.73825,0.0
1462,0.52305,0.44914,0.73832,0.0
1463,0.52268,0.44867,0.73821,0.0
1464,0.52271,0.44872,0.73824,0.0
1465,0.52254,0.44891,0.73817,0.0
1466,0.52237,0.44884,0.73817,0.0
1467,0.52252,0.44887,0.7382,0.0
1468,0.52234,0.44846,0.73807,0.0
1469,0.52221,0.44867,0.73814,0.0
1470,0.52194,0.44843,0.73809,0.0
1471,0.52203,0.44831,0.73809,0.0
1472,0.52187,0.44822,0.73805,0.0
1473,0.52177,0.44821,0.73807,0.0
1474,0.52183,0.44809,0.73809,0.0
1475,0.52201,0.44798,0.73805,0.0
1476,0.52158,0.44805,0.73808,0.0
1477,0.52153,0.44784,0.738,0.0
1478,0.52124,0.44785,0.73803,0.0
1479,0.52161,0.44783,0.73795,0.0
1480,0.52155,0.44739,0.73804,0.0
1481,0.52203,0.44773,0.73804,0.0
1482,0.52148,0.44754,0.73793,0.0
1483,0.52123,0.44718,0.73797,0.0
1484,0.52125,0.44723,0.73799,0.0
1485,0.52098,0.44734,0.73795,0.0
1486,0.52109,0.44733,0.73796,0.0
1487,0.52096,0.44708,0.73793,0.0
1488,0.52075,0.44701,0.73791,0.0
1489,0.52088,0.44727,0.7379,0.0
1490,0.52087,0.4469,0.73786,0.0
1491,0.52068,0.44684,0.7379,0.0
1492,0.52073,0.44685,0.73785,0.0
1493,0.52047,0.44675,0.73787,0.0
1494,0.52104,0.44648,0.73788,0.0
1495,0.52035,0.44672,0.73787,0.0
1496,0.52026,0.44657,0.73787,0.0
1497,0.52022,0.44644,0.73783,0.0
1498,0.52029,0.44634,0.73778,0.0
1499,0.52036,0.44628,0.7378,0.0
1500,0.52012,0.44627,0.73775,0.0
1501,0.51986,0.44595,0.73777,0.0
1502,0.52003,0.44618,0.7378,0.0
1503,0.51994,0.44603,0.73768,0.0
1504,0.51986,0.44566,0.73781,0.0
1505,0.51997,0.44574,0.73767,0.0
1506,0.51983,0.44554,0.73764,0.0
1507,0.51958,0.44563,0.73771,0.0
1508,0.5194,0.44534,0.73766,0.0
1509,0.51921,0.44542,0.73765,0.0
1510,0.51937,0.44526,0.73751,0.0
1511,0.51922,0.44534,0.73758,0.0
1512,0.51904,0.44509,0.73758,0.0
1513,0.51899,0.44526,0.73756,0.0
1514,0.51907,0.4451,0.73753,0.0
1515,0.51886,0.44512,0.73751,0.0
1516,0.51927,0.4451,0.7376,0.0
1517,0.51891,0.4449,0.7375,0.0
1518,0.51895,0.44475,0.73749,0.0
1519,0.51931,0.44494,0.73739,0.0
1520,0.51872,0.44467,0.73747,0.0
1521,0.51912,0.44429,0.73745,0.0
1522,0.51871,0.44409,0.73746,0.0
1523,0.51886,0.44435,0.73742,0.0
1524,0.51819,0.44418,0.7374,0.0
1525,0.51836,0.44416,0.73733,0.0
1526,0.51865,0.4442,0.73735,0.0
1527,0.51822,0.44395,0.73732,0.0
1528,0.51822,0.44412,0.73742,0.0
1529,0.51814,0.44386,0.73732,0.0
1530,0.51809,0.44398,0.73731,0.0
1531,0.5182,0.44361,0.73737,0.0
1532,0.51801,0.4438,0.73727,0.0
1533,0.51823,0.44339,0.73729,0.0
1534,0.51774,0.44341,0.73732,0.0
1535,0.51754,0.44358,0.73729,0.0
1536,0.51771,0.44335,0.73724,0.0
1537,0.51708,0.44306,0.73723,0.0
1538,0.51752,0.44301,0.7372,0.0
1539,0.51712,0.44294,0.7372,0.0
1540,0.51725,0.44292,0.7371,0.0
1541,0.51701,0.44275,0.73714,0.0
1542,0.51698,0.4427,0.73718,0.0
1543,0.5169,0.44239,0.73712,0.0
1544,0.51682,0.44258,0.73715,0.0
1545,0.517,0.44233,0.73705,0.0
1546,0.51635,0.44211,0.73716,0.0
1547,0.51674,0.44247,0.73708,0.0
1548,0.51707,0.44224,0.73702,0.0
1549,0.51668,0.44208,0.73705,0.0
1550,0.51615,0.442,0.73706,0.0
1551,0.51635,0.44169,0.73685,0.0
1552,0.51642,0.44165,0.73698,0.0
1553,0.51598,0.44147,0.73702,0.0
1554,0.51619,0.44171,0.73693,0.0
1555,0.51597,0.44147,0.7369,0.0
1556,0.51581,0.44131,0.73696,0.0
1557,0.51594,0.4411,0.73697,0.0
1558,0.51609,0.44125,0.73694,0.0
1559,0.51583,0.44145,0.73682,0.0
1560,0.51581,0.44111,0.73688,0.0
1561,0.51572,0.44103,0.73695,0.0
1562,0.51538,0.44063,0.73685,0.0
1563,0.51535,0.44076,0.73685,0.0
1564,0.5155,0.44076,0.73683,0.0
1565,0.51558,0.4408,0.73677,0.0
1566,0.51528,0.44056,0.73673,0.0
1567,0.515,0.44055,0.7368,0.0
1568,0.51509,0.44031,0.73679,0.0
1569,0.51512,0.44055,0.73674,0.0
1570,0.51501,0.44005,0.73673,0.0
1571,0.51464,0.44005,0.73674,0.0
1572,0.5145,0.43994,0.73673,0.0
1573,0.51485,0.43982,0.73669,0.0
1574,0.51446,0.4396,0.7368,0.0
1575,0.51423,0.43947,0.73672,0.0
1576,0.51411,0.43964,0.73668,0.0
1577,0.51407,0.43965,0.73664,0.0
1578,0.51409,0.43956,0.73666,0.0
1579,0.51437,0.43928,0.73659,0.0
1580,0.5139,0.43941,0.73662,0.0
1581,0.51428,0.43911,0.73668,0.0
1582,0.51398,0.43928,0.73661,0.0
1583,0.51376,0.43904,0.73657,0.0
1584,0.51397,0.43876,0.73651,0.0
1585,0.51366,0.4389,0.73652,0.0
1586,0.51352,0.43907,0.73649,0.0
1587,0.51392,0.43884,0.73653,0.0
1588,0.51382,0.43892,0.7365,0.0
1589,0.51381,0.43865,0.73642,0.0
1590,0.51345,0.43878,0.73645,0.0
1591,0.51348,0.43843,0.73651,0.0
1592,0.513,0.43848,0.73641,0.0
1593,0.51336,0.43859,0.73649,0.0
1594,0.51322,0.43823,0.73631,0.0
1595,0.5128,0.43793,0.73634,0.0
1596,0.51295,0.43784,0.73629,0.0
1597,0.51274,0.43794,0.73632,0.0
1598,0.51277,0.43753,0.73634,0.0
1599,0.51288,0.43769,0.73633,0.0
1600,0.51245,0.43764,0.73629,0.0
1601,0.51231,0.43752,0.73639,0.0
1602,0.51261,0.43766,0.73625,0.0
1603,0.51217,0.43779,0.73628,0.0
1604,0.5124,0.43734,0.73624,0.0
1605,0.51239,0.43729,0.73629,0.0
1606,0.51197,0.43714,0.73616,0.0
1607,0.51211,0.43705,0.73625,0.0
1608,0.51208,0.43704,0.73627,0.0
1609,0.5125,0.43698,0.73624,0.0
1610,0.51224,0.43679,0.73621,0.0
1611,0.51195,0.43689,0.73621,0.0
1612,0.51179,0.43657,0.73608,0.0
1613,0.51214,0.43657,0.73624,0.0
1614,0.51192,0.43664,0.7362,0.0
1615,0.5117,0.43626,0.7361,0.0
1616,0.5114,0.4361,0.73606,0.0
1617,0.5115,0.43629,0.73609,0.0
1618,0.51108,0.43631,0.7361,0.0
1619,0.51185,0.43617,0.73612,0.0
1620,0.5111,0.43623,0.73602,0.0
1621,0.51133,0.43614,0.73606,0.0
1622,0.51138,0.4358,0.73601,0.0
1623,0.51136,0.43579,0.73604,0.0
1624,0.51123,0.43587,0.736,0.0
1625,0.51107,0.43559,0.73593,0.0
1626,0.5103,0.43574,0.7359,0.0
1627,0.51066,0.4356,0.73589,0.0
1628,0.51103,0.43572,0.73594,0.0
1629,0.51084,0.43537,0.73592,0.0
1630,0.5108,0.43554,0.73587,0.0
1631,0.51073,0.43542,0.73583,0.0
1632,0.5103,0.43511,0.73579,0.0
1633,0.51037,0.43528,0.73579,0.0
1634,0.51071,0.43513,0.73571,0.0
1635,0.51028,0.43482,0.7358,0.0
1636,0.50954,0.43451,0.73464,0.0
1637,0.50873,0.43361,0.73455,0.0
1638,0.50914,0.43387,0.73482,0.0
1639,0.50935,0.43378,0.73502,0.0
1640,0.5091,0.43403,0.73487,0.0
1641,0.50864,0.43364,0.73496,0.0
1642,0.50912,0.43351,0.73497,0.0
1643,0.50923,0.43371,0.73489,0.0
1644,0.50879,0.43383,0.73493,0.0
1645,0.50862,0.43332,0.73474,0.0
1646,0.50865,0.43353,0.7348,0.0
1647,0.50857,0.43313,0.73485,0.0
1648,0.50835,0.43327,0.73482,0.0
1649,0.5087,0.43315,0.73487,0.0
1650,0.5084,0.43344,0.73503,0.0
1651,0.50845,0.43325,0.73503,0.0
1652,0.50843,0.43313,0.73495,0.0
1653,0.50846,0.43295,0.73485,0.0
1654,0.5086,0.43305,0.73499,0.0
1655,0.50813,0.43274,0.73477,0.0
1656,0.50847,0.4326,0.73491,0.0
1657,0.50798,0.43262,0.73495,0.0
1658,0.50793,0.4328,0.73495,0.0
1659,0.50813,0.43223,0.73498,0.0
1660,0.50797,0.43278,0.73501,0.0
1661,0.50787,0.43215,0.73489,0.0
1662,0.50774,0.43244,0.735,0.0
1663,0.50735,0.43257,0.73496,0.0
1664,0.50762,0.43231,0.73484,0.0
1665,0.50767,0.43215,0.73488,0.0
1666,0.50711,0.43168,0.73453,0.0
1667,0.50704,0.43165,0.73458,0.0
1668,0.50682,0.43151,0.7342,0.0
1669,0.50675,0.43177,0.73455,0.0
1670,0.50667,0.4312,0.73441,0.0
1671,0.50719,0.43178,0.7346,0.0
1672,0.50712,0.4315,0.73459,0.0
1673,0.50678,0.43123,0.73457,0.0
1674,0.50666,0.43166,0.73466,0.0
1675,0.5069,0.43139,0.73473,0.0
1676,0.50701,0.43132,0.73478,0.0
1677,0.50699,0.43146,0.73486,0.0
1678,0.50679,0.43128,0.73473,0.0
1679,0.50698,0.43133,0.73482,0.0
1680,0.50692,0.43129,0.73474,0.0
1681,0.50635,0.43102,0.73428,0.0
1682,0.50552,0.43023,0.73423,0.0
1683,0.50574,0.43067,0.73432,0.0
1684,0.50643,0.43075,0.73414,0.0
1685,0.50549,0.43045,0.73436,0.0
1686,0.50604,0.4305,0.73428,0.0
1687,0.50509,0.43015,0.73411,0.0
1688,0.50529,0.42994,0.7341,0.0
1689,0.50523,0.43018,0.73421,0.0
1690,0.50601,0.43021,0.73424,0.0
1691,0.50556,0.42984,0.73419,0.0
1692,0.50563,0.42996,0.73417,0.0
1693,0.50528,0.42997,0.73429,0.0
1694,0.50561,0.42986,0.73423,0.0
1695,0.50542,0.43011,0.73428,0.0
1696,0.50516,0.43021,0.73433,0.0
1697,0.50534,0.42968,0.73427,0.0
1698,0.50532,0.42995,0.73434,0.0
1699,0.50525,0.42966,0.73435,0.0
1700,0.50533,0.42973,0.73439,0.0
1701,0.50545,0.42974,0.73434,0.0
1702,0.50539,0.42959,0.73438,0.0
1703,0.50517,0.42943,0.7343,0.0
1704,0.50508,0.4293,0.73423,0.0
1705,0.50488,0.42922,0.73424,0.0
1706,0.50458,0.42907,0.73427,0.0
1707,0.5049,0.42903,0.73414,0.0
1708,0.50473,0.42889,0.73417,0.0
1709,0.50458,0.42921,0.73426,0.0
1710,0.5047,0.4289,0.73416,0.0
1711,0.50408,0.4285,0.73385,0.0
1712,0.5042,0.4285,0.73379,0.0
1713,0.50449,0.42843,0.7339,0.0
1714,0.50395,0.42855,0.73398,0.0
1715,0.50411,0.42848,0.73383,0.0
1716,0.50408,0.42856,0.73387,0.0
1717,0.50397,0.42841,0.73397,0.0
1718,0.50426,0.42825,0.73388,0.0
1719,0.50429,0.42833,0.73388,0.0
1720,0.50384,0.42835,0.73398,0.0
1721,0.50382,0.42807,0.73403,0.0
1722,0.50366,0.42832,0.73395,0.0
1723,0.50365,0.42821,0.73403,0.0
1724,0.50394,0.428,0.73389,0.0
1725,0.50378,0.4281,0.73391,0.0
1726,0.50361,0.42816,0.73383,0.0
1727,0.5036,0.42779,0.73394,0.0
1728,0.5033,0.42801,0.73384,0.0
1729,0.50333,0.42796,0.73387,0.0
1730,0.50345,0.42752,0.73377,0.0
1731,0.50344,0.42813,0.73377,0.0
1732,0.50264,0.42787,0.73383,0.0
1733,0.50295,0.42754,0.7337,0.0
1734,0.50311,0.42762,0.73376,0.0
1735,0.50344,0.42765,0.73376,0.0
1736,0.5032,0.42755,0.73373,0.0
1737,0.50306,0.42732,0.73373,0.0
1738,0.5027,0.42739,0.73374,0.0
1739,0.50278,0.4272,0.73372,0.0
1740,0.50278,0.42704,0.73363,0.0
1741,0.50277,0.42721,0.73373,0.0
1742,0.50303,0.42705,0.73374,0.0
1743,0.50275,0.42723,0.73374,0.0
1744,0.50286,0.42701,0.73375,0.0
1745,0.50283,0.42712,0.73374,0.0
1746,0.5028,0.42724,0.73364,0.0
1747,0.50244,0.42738,0.73373,0.0
1748,0.50256,0.42722,0.73375,0.0
1749,0.50257,0.42681,0.73366,0.0
1750,0.50301,0.42689,0.73369,0.0
1751,0.50279,0.42685,0.73379,0.0
1752,0.50191,0.42692,0.73378,0.0
1753,0.5027,0.42682,0.73366,0.0
1754,0.50277,0.42696,0.73361,0.0
1755,0.50243,0.42685,0.73363,0.0
1756,0.5021,0.42691,0.73367,0.0
1757,0.50227,0.42687,0.73374,0.0
1758,0.50222,0.42689,0.73366,0.0
1759,0.5025,0.4266,0.73377,0.0
1760,0.5023,0.42661,0.73356,0.0
1761,0.50243,0.42678,0.73369,0.0
1762,0.50251,0.42654,0.73375,0.0
1763,0.50257,0.42693,0.7337,0.0
1764,0.5021,0.42666,0.73361,0.0
1765,0.50255,0.42625,0.73353,0.0
1766,0.50217,0.42626,0.73327,0.0
1767,0.50129,0.42623,0.73325,0.0
1768,0.50214,0.42637,0.73328,0.0
1769,0.5015,0.42621,0.73351,0.0
1770,0.5025,0.42629,0.73352,0.0
1771,0.50253,0.42634,0.73347,0.0
1772,0.50192,0.42606,0.73354,0.0
1773,0.50166,0.42633,0.73356,0.0
1774,0.50198,0.42645,0.73357,0.0
1775,0.50181,0.42611,0.73349,0.0
1776,0.50178,0.42654,0.7335,0.0
1777,0.50221,0.42668,0.73348,0.0
1778,0.50213,0.42641,0.73351,0.0
1779,0.50205,0.42633,0.73358,0.0
1780,0.50193,0.42588,0.7336,0.0
1781,0.50204,0.42633,0.7336,0.0
1782,0.50197,0.42626,0.73355,0.0
1783,0.50183,0.42636,0.73351,0.0
1784,0.50134,0.42593,0.73348,0.0
1785,0.50162,0.42612,0.73348,0.0
1786,0.50158,0.42604,0.73347,0.0
1787,0.50189,0.42621,0.73343,0.0
1788,0.50151,0.42626,0.73345,0.0
