,C,Um,Ur,Ud,C_target
0,159.714905,0.74032,0.75733,0.78457,0.0
1,-149.926392,0.74022,0.75714,0.78444,0.0
2,286.596893,0.73984,0.75676,0.78447,0.0
3,286.521606,0.73985,0.75657,0.78432,0.0
4,374.332703,0.73951,0.7565,0.78437,0.0
5,-459.289032,0.7394,0.75596,0.78428,0.0
6,371.444122,0.73937,0.75595,0.78426,0.0
7,-337.407532,0.73911,0.75542,0.78411,0.0
8,428.931152,0.73879,0.75525,0.78401,0.0
9,-299.057831,0.73861,0.75494,0.78409,0.0
10,154.822281,0.73846,0.75474,0.78403,0.0
11,82.410652,0.7381,0.7544,0.78402,0.0
12,-273.369812,0.73785,0.75408,0.78391,0.0
13,229.203796,0.73794,0.75381,0.78388,0.0
14,-275.368408,0.73769,0.7535,0.78379,0.0
15,-146.241882,0.73746,0.75308,0.78384,0.0
16,282.06134,0.73737,0.7529,0.78375,0.0
17,177.690277,0.73731,0.75276,0.78374,0.0
18,-339.759003,0.73694,0.75219,0.78357,0.0
19,321.095459,0.7369,0.75205,0.78379,0.0
20,-260.148163,0.7368,0.75188,0.78367,0.0
21,381.901733,0.73661,0.75163,0.78369,0.0
22,-363.176849,0.73636,0.75126,0.78358,0.0
23,247.371704,0.73596,0.75097,0.78355,0.0
24,-312.39679,0.73578,0.75068,0.78357,0.0
25,-278.61264,0.7357,0.75035,0.78359,0.0
26,-185.258255,0.73567,0.7502,0.78342,0.0
27,177.05542,0.73546,0.74995,0.78343,0.0
28,176.27655,0.73543,0.74965,0.78333,0.0
29,369.981934,0.73534,0.74966,0.78335,0.0
30,211.359238,0.73485,0.74923,0.78331,0.0
31,-223.225784,0.73472,0.74888,0.78329,0.0
32,-194.567108,0.73445,0.74864,0.78319,0.0
33,135.956299,0.73437,0.74836,0.78317,0.0
34,218.804886,0.73402,0.74806,0.78313,0.0
35,-213.090363,0.73392,0.74765,0.78306,0.0
36,233.956573,0.73389,0.74768,0.78305,0.0
37,-242.2966,0.73343,0.74718,0.78302,0.0
38,-29.436239,0.7333,0.74687,0.783,0.0
39,-135.410278,0.73328,0.74654,0.78298,0.0
40,332.903595,0.73296,0.74647,0.78288,0.0
41,-205.105255,0.7326,0.74608,0.78288,0.0
42,303.391113,0.73254,0.74603,0.78281,0.0
43,-242.537857,0.73225,0.74559,0.7828,0.0
44,252.537094,0.73216,0.74546,0.78272,0.0
45,138.669846,0.73196,0.74513,0.7827,0.0
46,254.718292,0.73191,0.74486,0.7826,0.0
47,162.256561,0.73178,0.74477,0.7826,0.0
48,-190.5802,0.73132,0.7442,0.78255,0.0
49,372.828705,0.73125,0.74421,0.78256,0.0
50,-340.563843,0.73104,0.74399,0.7825,0.0
51,284.1716,0.73115,0.74376,0.7825,0.0
52,261.328857,0.73095,0.74342,0.78238,0.0
53,391.782867,0.73062,0.74336,0.78253,0.0
54,-422.362488,0.73079,0.7431,0.78254,0.0
55,-206.53215,0.73038,0.74284,0.78234,0.0
56,294.438202,0.7304,0.74251,0.78235,0.0
57,-224.273636,0.73033,0.74217,0.78232,0.0
58,285.468872,0.72993,0.74216,0.78229,0.0
59,-226.940216,0.72981,0.74201,0.78225,0.0
60,-226.486313,0.72977,0.74187,0.78219,0.0
61,-330.044922,0.72956,0.74143,0.78215,0.0
62,231.367096,0.72933,0.74131,0.78212,0.0
63,-382.477081,0.72931,0.74116,0.7821,0.0
64,-316.009338,0.72903,0.74066,0.78201,0.0
65,419.988922,0.72879,0.74061,0.78207,0.0
66,-130.007126,0.72867,0.74059,0.782,0.0
67,-360.067352,0.72858,0.7401,0.782,0.0
68,365.661163,0.72837,0.73991,0.78206,0.0
69,-209.934235,0.72816,0.73984,0.7819,0.0
70,138.204987,0.72814,0.73973,0.78199,0.0
71,-185.371964,0.72802,0.7392,0.7819,0.0
72,376.867706,0.7277,0.73911,0.78186,0.0
73,204.071152,0.72758,0.73907,0.78177,0.0
74,-320.576569,0.72742,0.73859,0.78168,0.0
75,-131.193954,0.72736,0.73842,0.7818,0.0
76,210.924118,0.72748,0.73835,0.78174,0.0
77,-259.893372,0.72739,0.73816,0.78163,0.0
78,301.22818,0.72708,0.73803,0.78155,0.0
79,-374.452362,0.72686,0.73776,0.78165,0.0
80,-115.916473,0.72677,0.73757,0.78162,0.0
81,-309.297089,0.72674,0.73738,0.78155,0.0
82,351.942993,0.72649,0.7372,0.78157,0.0
83,-287.451385,0.72643,0.73697,0.78155,0.0
84,202.457382,0.72611,0.73686,0.78146,0.0
85,-301.488434,0.72606,0.73655,0.78152,0.0
86,338.564117,0.72579,0.73647,0.7814,0.0
87,161.541092,0.7257,0.73632,0.7814,0.0
88,-111.072777,0.72596,0.73608,0.78138,0.0
89,353.912628,0.72559,0.73597,0.78135,0.0
90,-376.947723,0.72534,0.73584,0.78129,0.0
91,259.462585,0.72538,0.73568,0.78128,0.0
92,-130.918335,0.72528,0.73552,0.78119,0.0
93,346.133301,0.72509,0.73531,0.78118,0.0
94,-321.842102,0.72511,0.73506,0.78121,0.0
95,245.091949,0.72495,0.73474,0.78118,0.0
96,-167.891037,0.72496,0.73472,0.78119,0.0
97,-361.199829,0.72481,0.73443,0.78115,0.0
98,273.058441,0.72451,0.7344,0.78115,0.0
99,229.110092,0.72435,0.73435,0.78104,0.0
100,-263.757019,0.72433,0.73423,0.78111,0.0
101,-165.846466,0.72427,0.73399,0.78102,0.0
102,304.48761,0.72407,0.7338,0.78106,0.0
103,-264.936157,0.72416,0.73372,0.78113,0.0
104,-348.351227,0.72378,0.73348,0.781,0.0
105,418.163788,0.72385,0.73349,0.7809,0.0
106,-366.686096,0.72354,0.7332,0.78089,0.0
107,-201.430603,0.72353,0.73283,0.7809,0.0
108,-153.418472,0.72346,0.73273,0.78086,0.0
109,354.781952,0.7234,0.73283,0.78085,0.0
110,-254.914124,0.72316,0.7325,0.78083,0.0
111,-337.451385,0.72323,0.73231,0.78082,0.0
112,284.932861,0.72309,0.73215,0.78075,0.0
113,-345.667633,0.72278,0.73204,0.78073,0.0
114,317.51178,0.72303,0.73211,0.78078,0.0
115,-350.244141,0.72244,0.73201,0.78074,0.0
116,166.348831,0.7226,0.73179,0.78077,0.0
117,-321.092133,0.72274,0.73157,0.7807,0.0
118,196.043442,0.7226,0.73144,0.78067,0.0
119,-272.627106,0.72255,0.73134,0.7806,0.0
120,-248.093063,0.72228,0.73121,0.78069,0.0
121,-232.093826,0.72222,0.73109,0.78065,0.0
122,-237.025879,0.722,0.73078,0.78068,0.0
123,290.74826,0.72204,0.73076,0.78058,0.0
124,-249.475204,0.72198,0.73055,0.78048,0.0
125,96.962921,0.72165,0.73038,0.78055,0.0
126,332.28244,0.72166,0.73035,0.78045,0.0
127,-271.282501,0.7214,0.73031,0.78042,0.0
128,178.115799,0.72156,0.73022,0.78041,0.0
129,150.434235,0.72136,0.73009,0.78049,0.0
130,272.122223,0.72126,0.72991,0.78047,0.0
131,140.917664,0.7212,0.72969,0.78043,0.0
132,387.750305,0.72124,0.72974,0.78039,0.0
133,-326.069305,0.72111,0.72945,0.78038,0.0
134,-93.483521,0.72112,0.72917,0.78034,0.0
135,-272.920441,0.7211,0.72904,0.78042,0.0
136,348.443939,0.72099,0.72925,0.78034,0.0
137,-283.562714,0.72075,0.72901,0.78032,0.0
138,204.132675,0.72058,0.72882,0.78029,0.0
139,259.995178,0.72069,0.72865,0.78025,0.0
140,326.650299,0.72062,0.7286,0.78025,0.0
141,-295.59787,0.72036,0.7285,0.7802,0.0
142,-266.168823,0.72024,0.72843,0.78019,0.0
143,240.07547,0.72011,0.72813,0.78,0.0
144,-128.869278,0.72001,0.72797,0.78005,0.0
145,282.824707,0.71991,0.72785,0.77993,0.0
146,-198.10585,0.71982,0.72761,0.77998,0.0
147,384.358704,0.7199,0.72808,0.78011,0.0
148,-367.760529,0.71974,0.72775,0.78012,0.0
149,-179.811005,0.71977,0.72759,0.78008,0.0
150,161.214325,0.71987,0.72758,0.78013,0.0
151,-135.061569,0.71975,0.72742,0.78011,0.0
152,323.726593,0.71942,0.72737,0.78009,0.0
153,-356.54129,0.71948,0.72722,0.78007,0.0
154,-160.611145,0.71958,0.72708,0.78001,0.0
155,348.202759,0.71935,0.72709,0.78006,0.0
156,-317.69635,0.71944,0.72684,0.78005,0.0
157,175.755707,0.71932,0.72682,0.77996,0.0
158,-130.892349,0.71907,0.72679,0.78001,0.0
159,-219.140808,0.71895,0.72667,0.77997,0.0
160,-228.350632,0.71905,0.72656,0.77994,0.0
161,-250.738724,0.71887,0.72642,0.78005,0.0
162,139.652618,0.71912,0.72625,0.77994,0.0
163,389.82193,0.71872,0.72643,0.77989,0.0
164,-415.637756,0.71872,0.72598,0.77997,0.0
165,354.320801,0.71838,0.726,0.7798,0.0
166,-149.550964,0.71864,0.72612,0.77985,0.0
167,-272.487793,0.71873,0.72597,0.77992,0.0
168,-174.391846,0.71859,0.72567,0.77987,0.0
169,163.739944,0.71866,0.72584,0.77983,0.0
170,-151.852036,0.71857,0.72561,0.77974,0.0
171,361.46817,0.7181,0.7255,0.77978,0.0
172,-349.447479,0.718,0.72545,0.77977,0.0
173,123.062592,0.71819,0.72533,0.77971,0.0
174,246.377121,0.71785,0.72509,0.77978,0.0
175,-248.966614,0.71796,0.72505,0.7797,0.0
176,192.499542,0.71796,0.72504,0.77972,0.0
177,255.885178,0.71777,0.72509,0.77975,0.0
178,-315.893738,0.71796,0.72489,0.77968,0.0
179,149.898468,0.71775,0.72473,0.77964,0.0
180,-117.125038,0.71763,0.72463,0.77962,0.0
181,391.803619,0.71743,0.72461,0.77959,0.0
182,188.566269,0.7177,0.7244,0.77963,0.0
183,261.581848,0.71783,0.72446,0.77967,0.0
184,211.77359,0.71755,0.72453,0.77957,0.0
185,-155.195816,0.71733,0.7244,0.77965,0.0
186,216.109573,0.71718,0.72408,0.77961,0.0
187,-288.697388,0.7172,0.72408,0.77968,0.0
188,252.755936,0.71714,0.72411,0.77946,0.0
189,260.240906,0.71716,0.72386,0.77953,0.0
190,-26.360155,0.71706,0.72387,0.77952,0.0
191,141.274261,0.71716,0.7238,0.77954,0.0
192,-162.332962,0.71702,0.72365,0.77948,0.0
193,280.476135,0.71682,0.7236,0.77944,0.0
194,18.282841,0.71683,0.72347,0.77932,0.0
195,-168.497803,0.71693,0.7233,0.77946,0.0
196,277.480865,0.71701,0.72334,0.77969,0.0
197,-127.007545,0.71682,0.72353,0.77951,0.0
198,260.41983,0.71671,0.72328,0.7795,0.0
199,189.346359,0.71686,0.72333,0.77944,0.0
200,189.598709,0.71659,0.72319,0.77947,0.0
201,222.843002,0.71673,0.72303,0.77957,0.0
202,-187.088226,0.7166,0.72313,0.7795,0.0
203,-226.587509,0.71665,0.72297,0.77942,0.0
204,-285.349854,0.71651,0.72268,0.77942,0.0
205,387.495453,0.71639,0.72295,0.77936,0.0
206,-280.679321,0.71648,0.72281,0.77945,0.0
207,-303.539307,0.71646,0.7225,0.7794,0.0
208,316.054077,0.71631,0.72255,0.77941,0.0
209,-193.407623,0.71632,0.72261,0.77943,0.0
210,143.211685,0.71634,0.72249,0.7793,0.0
211,-149.950897,0.71618,0.72248,0.77936,0.0
212,271.802856,0.71623,0.72252,0.77936,0.0
213,221.30191,0.71583,0.72235,0.77932,0.0
214,-361.576965,0.71605,0.72206,0.77925,0.0
215,383.528687,0.7159,0.72223,0.77922,0.0
216,-400.84436,0.71607,0.722,0.77931,0.0
217,-257.505676,0.71575,0.7219,0.77929,0.0
218,299.216125,0.71577,0.72207,0.7793,0.0
219,-351.902496,0.71576,0.72186,0.77933,0.0
220,-292.29892,0.71564,0.72168,0.77921,0.0
221,370.714569,0.71548,0.72174,0.77923,0.0
222,-288.5755,0.71563,0.72162,0.77909,0.0
223,-161.644531,0.71546,0.72168,0.77914,0.0
224,133.365891,0.71545,0.72148,0.7792,0.0
225,203.39679,0.7154,0.72157,0.77925,0.0
226,-325.209808,0.7155,0.72141,0.77916,0.0
227,272.704926,0.71547,0.7214,0.77931,0.0
228,-328.312897,0.71526,0.72097,0.77927,0.0
229,271.262329,0.71551,0.7213,0.77915,0.0
230,-325.077271,0.71529,0.72109,0.7791,0.0
231,-300.689545,0.71552,0.72105,0.77919,0.0
232,261.900818,0.71525,0.72127,0.77911,0.0
233,-262.902313,0.71519,0.72107,0.77921,0.0
234,-228.643295,0.71541,0.72105,0.77923,0.0
235,-194.500977,0.71526,0.72071,0.77919,0.0
236,358.208374,0.71511,0.72108,0.77905,0.0
237,-323.220947,0.71498,0.72081,0.77928,0.0
238,-164.824646,0.71496,0.72078,0.7791,0.0
239,-302.937317,0.71502,0.72067,0.77905,0.0
240,188.48111,0.71485,0.72067,0.77904,0.0
241,-240.944077,0.71478,0.72058,0.77904,0.0
242,220.846207,0.71453,0.72054,0.77906,0.0
243,202.110413,0.71478,0.72048,0.77901,0.0
244,-90.964516,0.71489,0.7205,0.77899,0.0
245,-89.256714,0.71469,0.72041,0.77899,0.0
246,-192.929871,0.71461,0.72016,0.77914,0.0
247,-260.43161,0.7146,0.72021,0.77897,0.0
248,339.202087,0.7145,0.72026,0.77899,0.0
249,-302.756805,0.71451,0.72006,0.77899,0.0
250,-342.209564,0.71454,0.71989,0.77902,0.0
251,308.347778,0.71431,0.72006,0.77908,0.0
252,-300.68512,0.71439,0.72004,0.77911,0.0
253,162.1035,0.71437,0.72003,0.77901,0.0
254,-233.426697,0.71454,0.72014,0.779,0.0
255,-367.15448,0.71434,0.7199,0.7789,0.0
256,297.899353,0.71423,0.71981,0.77893,0.0
257,269.912506,0.71422,0.7198,0.77894,0.0
258,-131.377106,0.714,0.71963,0.77899,0.0
259,250.48082,0.71413,0.71965,0.77896,0.0
260,338.506409,0.7141,0.71967,0.77891,0.0
261,-301.242401,0.71409,0.71944,0.77881,0.0
262,303.153107,0.71381,0.71933,0.77893,0.0
263,320.321503,0.71383,0.71939,0.77885,0.0
264,-169.098129,0.71394,0.71933,0.77882,0.0
265,-183.295486,0.71386,0.71928,0.77891,0.0
266,-115.929588,0.714,0.71928,0.77897,0.0
267,174.214401,0.71407,0.71919,0.77893,0.0
268,-79.574722,0.71388,0.71903,0.77884,0.0
269,-258.887512,0.71376,0.71913,0.77898,0.0
270,155.588791,0.71367,0.71905,0.7788,0.0
271,246.066086,0.7138,0.71923,0.7789,0.0
272,236.573959,0.71365,0.71897,0.77893,0.0
273,-133.258331,0.7137,0.71898,0.77883,0.0
274,248.262512,0.71385,0.7188,0.7788,0.0
275,226.018768,0.71346,0.7188,0.7789,0.0
276,-269.695129,0.71359,0.71891,0.77887,0.0
277,121.379929,0.71358,0.71863,0.77879,0.0
278,-128.259705,0.71353,0.71859,0.77871,0.0
279,195.204163,0.71348,0.71862,0.77889,0.0
280,172.635468,0.71352,0.71881,0.77889,0.0
281,-71.575287,0.71359,0.71879,0.77881,0.0
282,-227.818817,0.71348,0.7186,0.77887,0.0
283,-161.893631,0.71338,0.71862,0.77875,0.0
284,103.974121,0.71344,0.71856,0.77869,0.0
285,-320.134796,0.71328,0.71845,0.7787,0.0
286,-168.775513,0.7132,0.71846,0.77875,0.0
287,171.942444,0.71297,0.71832,0.77885,0.0
288,242.579056,0.713,0.71823,0.77879,0.0
289,151.474548,0.71307,0.71842,0.77877,0.0
290,337.242981,0.71311,0.71836,0.77866,0.0
291,288.696503,0.71302,0.7183,0.77867,0.0
292,229.080383,0.71323,0.71818,0.77863,0.0
293,93.77272,0.71317,0.71809,0.77872,0.0
294,-61.961662,0.71287,0.71788,0.7787,0.0
295,211.305725,0.71306,0.71789,0.77862,0.0
296,200.888947,0.71291,0.71783,0.77868,0.0
297,245.981812,0.71289,0.71779,0.77867,0.0
298,-208.557938,0.71275,0.71798,0.77862,0.0
299,-215.4552,0.71278,0.71768,0.7786,0.0
300,196.85643,0.71294,0.71772,0.77864,0.0
301,293.378204,0.71254,0.71774,0.77867,0.0
302,-230.245956,0.71258,0.71767,0.77869,0.0
303,-146.691879,0.71284,0.71762,0.77865,0.0
304,131.310287,0.71289,0.71767,0.77863,0.0
305,166.73793,0.71269,0.71752,0.7785,0.0
306,-265.573822,0.71258,0.71736,0.77867,0.0
307,229.757614,0.71261,0.71768,0.77856,0.0
308,189.651901,0.71258,0.71744,0.77863,0.0
309,-77.724152,0.71258,0.71726,0.77856,0.0
310,193.732513,0.7125,0.71715,0.77853,0.0
311,101.251335,0.71248,0.71734,0.77856,0.0
312,334.342468,0.71231,0.71728,0.77864,0.0
313,205.232574,0.71238,0.71744,0.77867,0.0
314,-189.006409,0.7125,0.71714,0.77854,0.0
315,359.298828,0.71243,0.71707,0.77856,0.0
316,245.934769,0.71234,0.71715,0.77859,0.0
317,225.124649,0.71249,0.71724,0.77852,0.0
318,-208.919678,0.71194,0.71717,0.77854,0.0
319,83.217773,0.71222,0.71705,0.77846,0.0
320,-193.301819,0.71235,0.71691,0.77857,0.0
321,-192.154968,0.71211,0.7166,0.77852,0.0
322,255.739777,0.71213,0.7169,0.77857,0.0
323,-353.534424,0.71201,0.71692,0.77858,0.0
324,148.185669,0.71207,0.7169,0.77868,0.0
325,170.125488,0.71219,0.71701,0.77847,0.0
326,-210.000183,0.71188,0.71687,0.77845,0.0
327,-274.059723,0.71203,0.71695,0.77836,0.0
328,275.595337,0.71199,0.71672,0.77854,0.0
329,-218.956909,0.71192,0.71647,0.77845,0.0
330,273.580872,0.71174,0.7165,0.7784,0.0
331,-216.969467,0.71191,0.71631,0.77843,0.0
332,-85.427826,0.71187,0.71651,0.77853,0.0
333,106.918449,0.71189,0.71636,0.77834,0.0
334,221.871384,0.7118,0.7162,0.7784,0.0
335,204.413651,0.71177,0.71636,0.77841,0.0
336,120.143494,0.71184,0.71636,0.77841,0.0
337,-238.412537,0.71176,0.71631,0.77841,0.0
338,105.640846,0.71158,0.71627,0.77839,0.0
339,-264.333069,0.7116,0.71611,0.77845,0.0
340,333.220856,0.71181,0.71632,0.7785,0.0
341,-266.729889,0.71156,0.71613,0.77851,0.0
342,297.197784,0.71147,0.71612,0.7784,0.0
343,-52.495117,0.71175,0.71626,0.77844,0.0
344,319.16156,0.71172,0.71613,0.77843,0.0
345,-228.015091,0.71161,0.71597,0.77837,0.0
346,-154.576904,0.71175,0.71588,0.77843,0.0
347,-240.940216,0.71159,0.7157,0.77826,0.0
348,369.203217,0.71136,0.71595,0.77833,0.0
349,-350.073486,0.71167,0.71587,0.77841,0.0
350,145.585922,0.71136,0.71586,0.77841,0.0
351,261.625,0.71142,0.71586,0.77837,0.0
352,-184.341187,0.71147,0.71575,0.77836,0.0
353,-268.781189,0.71134,0.71574,0.7784,0.0
354,141.14978,0.71131,0.71567,0.77839,0.0
355,-81.863258,0.7113,0.7158,0.77827,0.0
356,-115.134949,0.71124,0.71586,0.77832,0.0
357,-335.673584,0.71136,0.71561,0.77831,0.0
358,323.809174,0.71121,0.71543,0.7782,0.0
359,70.88858,0.71118,0.71539,0.77837,0.0
360,199.996078,0.71099,0.71546,0.77818,0.0
361,-268.151062,0.71111,0.71549,0.77838,0.0
362,237.932358,0.71111,0.71557,0.77825,0.0
363,-264.300568,0.7112,0.7154,0.7783,0.0
364,62.771786,0.71114,0.7153,0.77825,0.0
365,-128.571548,0.71119,0.71525,0.77832,0.0
366,282.250061,0.71105,0.71551,0.77835,0.0
367,-285.417267,0.71105,0.71534,0.77839,0.0
368,248.198013,0.71096,0.71525,0.7783,0.0
369,-172.663727,0.71082,0.71519,0.77827,0.0
370,196.492767,0.71077,0.71515,0.77835,0.0
371,-250.190399,0.71098,0.71516,0.77819,0.0
372,393.092743,0.71123,0.71512,0.77829,0.0
373,339.748596,0.711,0.71519,0.77833,0.0
374,-209.487717,0.7109,0.71499,0.77826,0.0
375,211.836075,0.71085,0.715,0.77818,0.0
376,-247.793243,0.71103,0.71507,0.77816,0.0
377,-272.567719,0.7111,0.71504,0.77832,0.0
378,-265.630707,0.711,0.71498,0.77832,0.0
379,311.203949,0.71086,0.71509,0.77825,0.0
380,-309.25119,0.71058,0.71481,0.77832,0.0
381,295.688873,0.71086,0.71501,0.77835,0.0
382,354.575867,0.71081,0.71496,0.77829,0.0
383,-319.570251,0.71072,0.715,0.77827,0.0
384,-204.271744,0.71064,0.71488,0.77827,0.0
385,302.865143,0.7109,0.71474,0.7782,0.0
386,310.872223,0.71078,0.7147,0.77826,0.0
387,-299.698883,0.71077,0.71463,0.77832,0.0
388,303.776611,0.71057,0.71468,0.77827,0.0
389,-302.461517,0.71072,0.71449,0.77825,0.0
390,243.167404,0.71043,0.71457,0.77822,0.0
391,202.433838,0.71029,0.71455,0.77829,0.0
392,-231.703232,0.71062,0.7146,0.77818,0.0
393,146.908569,0.71055,0.71458,0.77818,0.0
394,-282.21286,0.71043,0.71436,0.77815,0.0
395,475.198883,0.71038,0.7145,0.77833,0.0
396,178.69075,0.71049,0.71421,0.77818,0.0
397,-181.98082,0.71057,0.71423,0.77816,0.0
398,81.403366,0.71039,0.71411,0.77813,0.0
399,-267.658478,0.71051,0.71424,0.77825,0.0
400,256.414063,0.71039,0.71425,0.77821,0.0
401,234.11496,0.71021,0.71422,0.77821,0.0
402,-259.728638,0.71034,0.71407,0.77818,0.0
403,365.257843,0.71036,0.71427,0.77814,0.0
404,-303.010254,0.7102,0.71396,0.77818,0.0
405,385.594391,0.71046,0.71426,0.77816,0.0
406,-399.083923,0.71017,0.71403,0.77808,0.0
407,241.23172,0.71022,0.71407,0.7781,0.0
408,109.387177,0.71039,0.7141,0.77807,0.0
409,-215.102982,0.70999,0.71379,0.77794,0.0
410,-251.211578,0.7098,0.71365,0.77794,0.0
411,228.990662,0.71015,0.71386,0.77802,0.0
412,281.985199,0.70982,0.71366,0.77802,0.0
413,398.897369,0.70991,0.71382,0.77795,0.0
414,-242.65062,0.70957,0.71375,0.778,0.0
415,245.494049,0.70958,0.7137,0.77802,0.0
416,322.649048,0.70965,0.71367,0.77792,0.0
417,-334.716095,0.7098,0.71343,0.77782,0.0
418,255.475388,0.70959,0.71343,0.77797,0.0
419,-283.025146,0.70962,0.71336,0.77785,0.0
420,280.139801,0.70933,0.71341,0.77779,0.0
421,-221.931961,0.70951,0.71322,0.77792,0.0
422,115.821175,0.70956,0.71339,0.77808,0.0
423,-157.029007,0.70958,0.71333,0.77797,0.0
424,-350.308044,0.70947,0.71313,0.77785,0.0
425,-113.093605,0.70943,0.71302,0.77787,0.0
426,306.26059,0.70965,0.71322,0.77773,0.0
427,166.215469,0.70937,0.71309,0.7779,0.0
428,181.55452,0.70939,0.71305,0.77779,0.0
429,-293.663452,0.70925,0.71309,0.77781,0.0
430,-308.867859,0.70935,0.71309,0.77772,0.0
431,-115.444672,0.70936,0.71287,0.77783,0.0
432,374.955017,0.70936,0.71305,0.77773,0.0
433,-287.800293,0.70933,0.71292,0.77775,0.0
434,154.722122,0.70917,0.71283,0.77771,0.0
435,260.472443,0.7091,0.71294,0.77769,0.0
436,-105.721542,0.70921,0.71286,0.77769,0.0
437,-228.963928,0.70916,0.7127,0.77776,0.0
438,343.450928,0.70916,0.71283,0.77776,0.0
439,183.443954,0.70902,0.71273,0.77768,0.0
440,46.374146,0.70916,0.71255,0.77775,0.0
441,267.837646,0.70913,0.71269,0.77779,0.0
442,-319.781891,0.70914,0.71263,0.77777,0.0
443,376.675293,0.70897,0.71261,0.7778,0.0
444,-190.621521,0.70904,0.71249,0.77768,0.0
445,256.965668,0.70889,0.71233,0.77775,0.0
446,279.227936,0.70883,0.71243,0.77767,0.0
447,-298.335114,0.70889,0.71244,0.7777,0.0
448,233.688568,0.70879,0.71245,0.7777,0.0
449,-192.844421,0.70882,0.71253,0.77761,0.0
450,380.510956,0.70893,0.71256,0.7777,0.0
451,-295.850006,0.70868,0.71222,0.77762,0.0
452,336.914703,0.70875,0.71228,0.77769,0.0
453,-354.010193,0.70881,0.71237,0.77777,0.0
454,324.417297,0.70867,0.7123,0.77771,0.0
455,301.034058,0.70864,0.71221,0.77773,0.0
456,82.274521,0.7089,0.71231,0.77779,0.0
457,292.293213,0.70882,0.71237,0.77782,0.0
458,-247.774612,0.70898,0.71234,0.77789,0.0
459,149.069275,0.70868,0.71237,0.77785,0.0
460,222.089386,0.7089,0.71221,0.77781,0.0
461,237.354431,0.70895,0.71196,0.77776,0.0
462,141.969528,0.70858,0.71194,0.77779,0.0
463,-197.233093,0.70871,0.71195,0.77768,0.0
464,233.856796,0.70868,0.71216,0.77774,0.0
465,-397.765686,0.70893,0.71212,0.77791,0.0
466,42.350254,0.7089,0.71194,0.77789,0.0
467,261.417969,0.70866,0.7121,0.77784,0.0
468,-326.549225,0.70867,0.71208,0.77781,0.0
469,214.596664,0.70869,0.71214,0.77784,0.0
470,338.77713,0.70853,0.712,0.77782,0.0
471,-357.206909,0.70863,0.71192,0.7777,0.0
472,127.427925,0.7087,0.71163,0.77768,0.0
473,249.972916,0.70863,0.71193,0.77788,0.0
474,269.713684,0.70842,0.71184,0.77777,0.0
475,-297.780151,0.70849,0.71176,0.77773,0.0
476,-291.975037,0.70846,0.71153,0.77765,0.0
477,-280.456055,0.70868,0.71177,0.77774,0.0
478,156.218002,0.70847,0.71192,0.77778,0.0
479,-356.13855,0.70837,0.71161,0.77769,0.0
480,332.394989,0.70822,0.71143,0.77747,0.0
481,322.354553,0.70864,0.71178,0.77769,0.0
482,-218.337051,0.7084,0.71158,0.77778,0.0
483,362.350861,0.70838,0.71159,0.77788,0.0
484,-344.306824,0.70815,0.71157,0.7776,0.0
485,270.040039,0.70804,0.71142,0.77759,0.0
486,202.885849,0.70832,0.7113,0.77758,0.0
487,190.839218,0.70811,0.71132,0.77753,0.0
488,-328.58316,0.70799,0.71118,0.77752,0.0
489,-159.764618,0.70808,0.71133,0.77756,0.0
490,321.01004,0.70835,0.71145,0.77765,0.0
491,-343.606934,0.70818,0.71121,0.77764,0.0
492,262.865448,0.70809,0.71123,0.77757,0.0
493,206.485031,0.70812,0.71106,0.77757,0.0
494,-295.238007,0.70803,0.71127,0.77757,0.0
495,-172.259811,0.70817,0.71112,0.7776,0.0
496,-312.495544,0.70813,0.71102,0.77756,0.0
497,271.812744,0.70794,0.7112,0.77762,0.0
498,190.560272,0.70791,0.71118,0.77759,0.0
499,-359.771729,0.708,0.71111,0.77761,0.0
500,258.318756,0.70797,0.71102,0.77758,0.0
501,-325.094269,0.70782,0.71096,0.77756,0.0
502,-234.700851,0.70791,0.71097,0.77758,0.0
503,-208.564133,0.708,0.71071,0.77741,0.0
504,118.888435,0.70785,0.71071,0.77736,0.0
505,-265.402374,0.70758,0.71078,0.77748,0.0
506,-367.050079,0.70795,0.7107,0.77736,0.0
507,292.044495,0.70761,0.71071,0.77753,0.0
508,-167.341949,0.70775,0.71091,0.77747,0.0
509,-332.757141,0.70769,0.71071,0.77745,0.0
510,267.78067,0.70786,0.71067,0.77738,0.0
511,-295.518616,0.70786,0.71075,0.77736,0.0
512,281.321655,0.70781,0.71056,0.77741,0.0
513,106.869453,0.70749,0.7106,0.77745,0.0
514,-348.059174,0.70761,0.71059,0.77745,0.0
515,236.197906,0.70787,0.71067,0.77742,0.0
516,-162.152328,0.70766,0.71073,0.77742,0.0
517,177.409698,0.7075,0.71067,0.77745,0.0
518,-182.706451,0.70756,0.71059,0.77762,0.0
519,-216.925919,0.70771,0.71044,0.77738,0.0
520,349.210144,0.70731,0.71035,0.77745,0.0
521,-241.417313,0.70767,0.71043,0.77742,0.0
522,-366.84259,0.70789,0.71045,0.77744,0.0
523,-212.456802,0.70766,0.71041,0.77742,0.0
524,-286.839386,0.70748,0.71021,0.77749,0.0
525,243.874878,0.70752,0.71052,0.7775,0.0
526,-280.417145,0.7078,0.71041,0.77749,0.0
527,154.201828,0.70767,0.71046,0.77745,0.0
528,-319.81073,0.70769,0.71034,0.77738,0.0
529,251.295639,0.70747,0.71032,0.77742,0.0
530,-131.856064,0.70751,0.71028,0.77747,0.0
531,228.496658,0.7073,0.71037,0.77741,0.0
532,-306.426605,0.70739,0.71015,0.77739,0.0
533,-278.352295,0.7075,0.71017,0.77744,0.0
534,243.56955,0.70734,0.71016,0.7774,0.0
535,91.506416,0.7072,0.71012,0.77737,0.0
536,256.232727,0.70722,0.71013,0.77745,0.0
537,346.251862,0.70724,0.71007,0.77738,0.0
538,303.133942,0.70733,0.71007,0.77733,0.0
539,-353.549957,0.70713,0.70984,0.7773,0.0
540,446.087616,0.70704,0.71013,0.77735,0.0
541,-318.469604,0.70715,0.70984,0.77726,0.0
542,224.294144,0.70716,0.70996,0.77733,0.0
543,231.47847,0.70716,0.70985,0.7774,0.0
544,152.459106,0.70727,0.7097,0.77733,0.0
545,418.858063,0.70728,0.70985,0.77721,0.0
546,112.845711,0.70704,0.70989,0.77718,0.0
547,298.077454,0.70714,0.70973,0.77728,0.0
548,192.732208,0.70715,0.70987,0.77731,0.0
549,-208.75354,0.70682,0.71007,0.77746,0.0
550,-349.408417,0.70705,0.70975,0.77735,0.0
551,222.498169,0.70705,0.70957,0.7772,0.0
552,-168.426254,0.70714,0.70972,0.77734,0.0
553,-378.934265,0.70706,0.70969,0.77744,0.0
554,308.703552,0.70708,0.70963,0.77733,0.0
555,-179.142227,0.70696,0.70948,0.77725,0.0
556,326.822144,0.70704,0.70969,0.77733,0.0
557,-129.250305,0.70739,0.70981,0.77745,0.0
558,-236.350861,0.70737,0.70985,0.77749,0.0
559,248.190186,0.70736,0.70993,0.77756,0.0
560,258.449982,0.70706,0.70953,0.77728,0.0
561,298.281097,0.70689,0.70955,0.77717,0.0
562,303.462067,0.70707,0.70979,0.7775,0.0
563,-246.907318,0.70723,0.70974,0.77758,0.0
564,273.634827,0.70704,0.70993,0.77747,0.0
565,229.845947,0.7069,0.70943,0.77734,0.0
566,256.642426,0.70688,0.70961,0.77722,0.0
567,-55.791122,0.70694,0.70955,0.7775,0.0
568,-227.074188,0.70714,0.70964,0.77754,0.0
569,-182.133499,0.70705,0.7098,0.77748,0.0
570,124.150146,0.70708,0.70986,0.77745,0.0
571,-397.257355,0.70713,0.70962,0.77746,0.0
572,329.939636,0.70709,0.70974,0.77747,0.0
573,300.812805,0.70691,0.70962,0.77737,0.0
574,207.197891,0.70682,0.70948,0.77733,0.0
575,-225.33284,0.70679,0.70917,0.77721,0.0
576,276.376251,0.70671,0.70921,0.77732,0.0
577,-261.730621,0.70657,0.70929,0.77724,0.0
578,203.74231,0.70674,0.70923,0.77727,0.0
579,207.027283,0.70662,0.70953,0.77728,0.0
580,93.517372,0.70662,0.70937,0.77728,0.0
581,-306.075226,0.70673,0.70938,0.77729,0.0
582,212.023819,0.70679,0.70918,0.77734,0.0
583,349.10199,0.70658,0.70938,0.77732,0.0
584,156.157944,0.7067,0.70943,0.77731,0.0
585,248.993591,0.70656,0.70925,0.77728,0.0
586,396.952728,0.70681,0.70931,0.77729,0.0
587,-305.120453,0.70685,0.70916,0.77731,0.0
588,-100.076508,0.70666,0.70922,0.77727,0.0
589,256.345734,0.70656,0.70929,0.77728,0.0
590,-314.724731,0.70644,0.7089,0.77709,0.0
591,-69.90255,0.70645,0.70878,0.77712,0.0
592,334.274841,0.70625,0.70871,0.7772,0.0
593,202.423859,0.70651,0.70912,0.77707,0.0
594,-210.696823,0.70638,0.70897,0.77708,0.0
595,327.026398,0.70628,0.70887,0.77709,0.0
596,62.380531,0.70635,0.7089,0.77719,0.0
597,317.045959,0.70627,0.70906,0.77714,0.0
598,-349.26535,0.7061,0.70876,0.7771,0.0
599,391.793762,0.70667,0.70895,0.77734,0.0
600,-192.876389,0.70667,0.7091,0.77723,0.0
601,269.320618,0.70651,0.70921,0.77724,0.0
602,-428.12326,0.70626,0.70912,0.77722,0.0
603,160.779785,0.70649,0.70884,0.77725,0.0
604,-109.255432,0.70627,0.70893,0.77708,0.0
605,391.631927,0.70622,0.70888,0.77712,0.0
606,-278.395355,0.70641,0.7086,0.77724,0.0
607,211.480225,0.70618,0.70876,0.77716,0.0
608,139.868469,0.7062,0.70864,0.77704,0.0
609,-273.780914,0.70627,0.70874,0.77714,0.0
610,294.923126,0.70627,0.70873,0.77716,0.0
611,-218.645432,0.7062,0.70872,0.77709,0.0
612,119.483757,0.7063,0.70888,0.77707,0.0
613,-264.625732,0.70639,0.70863,0.77706,0.0
614,237.519287,0.70631,0.70863,0.77716,0.0
615,337.840698,0.70623,0.70891,0.7772,0.0
616,-398.766449,0.7062,0.70876,0.77717,0.0
617,275.425629,0.70631,0.70869,0.77718,0.0
618,-225.455734,0.70643,0.70871,0.77737,0.0
619,170.006165,0.70639,0.70879,0.77712,0.0
620,-209.152832,0.70634,0.70867,0.77711,0.0
621,425.024048,0.70612,0.70857,0.77707,0.0
622,-256.290833,0.70618,0.7084,0.77705,0.0
623,305.174805,0.70618,0.70864,0.77711,0.0
624,250.758881,0.70605,0.70856,0.77715,0.0
625,-313.762115,0.70643,0.70852,0.7771,0.0
626,121.884354,0.70614,0.70835,0.7771,0.0
627,331.516205,0.70617,0.70849,0.77702,0.0
628,-292.541748,0.70608,0.7086,0.77714,0.0
629,244.081299,0.70635,0.70866,0.77724,0.0
630,-267.15625,0.70598,0.7085,0.77717,0.0
631,-334.141785,0.70625,0.70842,0.7771,0.0
632,197.645859,0.70603,0.70854,0.77713,0.0
633,-173.263214,0.70611,0.70856,0.77714,0.0
634,-390.39566,0.70611,0.70832,0.77719,0.0
635,357.600555,0.70629,0.70851,0.77713,0.0
636,156.143219,0.70605,0.70841,0.77724,0.0
637,-117.384758,0.70628,0.70856,0.77717,0.0
638,273.126709,0.70615,0.70824,0.77713,0.0
639,264.494019,0.70614,0.70835,0.77714,0.0
640,196.460388,0.70605,0.70844,0.77713,0.0
641,302.520172,0.70599,0.70846,0.77716,0.0
642,-419.19162,0.70604,0.70825,0.77724,0.0
643,-71.591019,0.70606,0.7082,0.7772,0.0
644,-320.838806,0.70584,0.70818,0.77721,0.0
645,-333.773804,0.70607,0.70828,0.77717,0.0
646,359.320709,0.70603,0.7081,0.77724,0.0
647,265.229706,0.70635,0.70832,0.77718,0.0
648,324.708649,0.70603,0.70835,0.77708,0.0
649,253.217514,0.70605,0.70802,0.77722,0.0
650,328.437531,0.70582,0.70811,0.7772,0.0
651,226.045181,0.70582,0.70816,0.77718,0.0
652,-244.183563,0.70593,0.70837,0.77705,0.0
653,-224.762177,0.70587,0.70826,0.77707,0.0
654,393.374084,0.70591,0.70803,0.77707,0.0
655,313.165253,0.70593,0.70812,0.77706,0.0
656,-295.525879,0.70583,0.70797,0.77718,0.0
657,-155.567978,0.70585,0.7079,0.77717,0.0
658,94.457626,0.70587,0.7082,0.77723,0.0
659,-323.748566,0.70618,0.70819,0.7772,0.0
660,296.400452,0.70603,0.70851,0.77735,0.0
661,-296.933197,0.70608,0.70821,0.77723,0.0
662,346.166718,0.70624,0.70813,0.77717,0.0
663,-434.174377,0.70612,0.70806,0.77723,0.0
664,-334.36084,0.70615,0.70814,0.77715,0.0
665,151.876648,0.70597,0.70792,0.7771,0.0
666,256.753876,0.70594,0.70796,0.77714,0.0
667,-199.441086,0.70582,0.70783,0.77707,0.0
668,-226.73674,0.70561,0.70792,0.77708,0.0
669,-317.30011,0.70561,0.70791,0.77709,0.0
670,-302.756104,0.7056,0.70796,0.77699,0.0
671,444.012817,0.70572,0.70803,0.7771,0.0
672,341.430481,0.70572,0.70812,0.77702,0.0
673,183.348038,0.70571,0.70794,0.77699,0.0
674,-302.771393,0.70589,0.70791,0.77704,0.0
675,336.60611,0.70573,0.70802,0.77705,0.0
676,-127.731796,0.70564,0.70797,0.77713,0.0
677,-83.950935,0.70577,0.70782,0.77719,0.0
678,-182.634796,0.70582,0.70776,0.77709,0.0
679,257.82724,0.70573,0.70792,0.77714,0.0
680,350.899475,0.70575,0.70805,0.77701,0.0
681,-240.53595,0.70581,0.70786,0.77703,0.0
682,220.178421,0.70569,0.70798,0.77707,0.0
683,-156.741837,0.70568,0.70778,0.77699,0.0
684,466.001373,0.70571,0.70777,0.77706,0.0
685,-319.340485,0.70568,0.70774,0.77707,0.0
686,294.270691,0.70551,0.70777,0.777,0.0
687,207.980927,0.70558,0.70781,0.77712,0.0
688,-294.199829,0.70573,0.70764,0.77702,0.0
689,313.6521,0.70567,0.70781,0.77703,0.0
690,-446.60849,0.7059,0.70761,0.77698,0.0
691,307.955414,0.70585,0.70772,0.77705,0.0
692,-257.933319,0.70552,0.70767,0.77712,0.0
693,150.841797,0.70559,0.70773,0.77697,0.0
694,-297.247345,0.70564,0.70793,0.77707,0.0
695,-126.697418,0.7057,0.7079,0.77697,0.0
696,249.328339,0.70569,0.70787,0.77704,0.0
697,-305.229156,0.70581,0.70782,0.7771,0.0
698,265.109253,0.70564,0.70761,0.77702,0.0
699,274.503784,0.70566,0.70753,0.77699,0.0
700,58.700058,0.70564,0.70771,0.77702,0.0
701,-374.778625,0.70556,0.70758,0.77702,0.0
702,301.500397,0.70549,0.70763,0.77692,0.0
703,-417.782196,0.70554,0.70751,0.777,0.0
704,359.269012,0.7055,0.70748,0.77708,0.0
705,-323.015137,0.70551,0.70765,0.77704,0.0
706,-362.590271,0.70542,0.7076,0.77692,0.0
707,320.717163,0.70549,0.70757,0.77704,0.0
708,162.764099,0.70551,0.7076,0.77705,0.0
709,-386.41803,0.70567,0.70753,0.77706,0.0
710,219.85791,0.70545,0.70758,0.77708,0.0
711,-81.796196,0.70545,0.70749,0.77705,0.0
712,149.814941,0.70553,0.70743,0.77708,0.0
713,-286.999542,0.70542,0.70748,0.77706,0.0
714,202.378098,0.70552,0.70767,0.77703,0.0
715,-162.748108,0.70545,0.70753,0.77702,0.0
716,-217.762482,0.7056,0.70735,0.77698,0.0
717,117.418617,0.7056,0.70756,0.77701,0.0
718,235.697342,0.70564,0.70746,0.77704,0.0
719,-322.269379,0.70555,0.70738,0.777,0.0
720,232.317856,0.7054,0.7074,0.77699,0.0
721,-196.812317,0.70528,0.70739,0.77698,0.0
722,181.401001,0.70551,0.70755,0.77717,0.0
723,-327.24173,0.70559,0.70761,0.77711,0.0
724,222.340256,0.70561,0.70745,0.777,0.0
725,350.465698,0.70548,0.70758,0.77709,0.0
726,-317.966217,0.70549,0.70746,0.77698,0.0
727,182.61348,0.70554,0.70739,0.7771,0.0
728,274.860565,0.70532,0.70742,0.77699,0.0
729,-205.261505,0.70509,0.70725,0.77704,0.0
730,287.883453,0.7053,0.70731,0.77699,0.0
731,258.023651,0.70525,0.70724,0.7769,0.0
732,-260.95343,0.70524,0.70739,0.77698,0.0
733,254.560654,0.70551,0.70713,0.77695,0.0
734,324.611359,0.70551,0.70722,0.7769,0.0
735,277.12149,0.70526,0.70722,0.77699,0.0
736,238.437805,0.70519,0.70714,0.77691,0.0
737,76.135139,0.70545,0.70701,0.77694,0.0
738,204.789139,0.70529,0.70729,0.77695,0.0
739,-316.473724,0.70527,0.70718,0.77691,0.0
740,258.071747,0.70517,0.70705,0.77689,0.0
741,407.973541,0.70517,0.70709,0.7769,0.0
742,270.389984,0.70523,0.70707,0.77692,0.0
743,254.312958,0.70509,0.70721,0.77699,0.0
744,198.980774,0.70503,0.70701,0.77694,0.0
745,373.817047,0.70496,0.70717,0.77705,0.0
746,302.024231,0.70503,0.70727,0.77694,0.0
747,-292.553986,0.70514,0.70714,0.7769,0.0
748,248.883133,0.70521,0.7072,0.77685,0.0
749,181.554092,0.70536,0.70731,0.77687,0.0
750,483.591553,0.70539,0.70716,0.77697,0.0
751,176.884369,0.70522,0.70725,0.77706,0.0
752,-358.941986,0.70527,0.70721,0.77692,0.0
753,-323.357483,0.70518,0.70713,0.77695,0.0
754,-317.165009,0.70498,0.70712,0.77702,0.0
755,-279.054169,0.70533,0.7071,0.77692,0.0
756,128.655441,0.70512,0.70707,0.77705,0.0
757,-232.97612,0.70517,0.7072,0.77693,0.0
758,-355.746796,0.70528,0.70723,0.77699,0.0
759,-176.34613,0.70526,0.70708,0.77697,0.0
760,-113.635933,0.70508,0.70709,0.77686,0.0
761,-350.561584,0.70529,0.70704,0.77699,0.0
762,143.187653,0.70503,0.70715,0.77696,0.0
763,-314.258301,0.70507,0.70702,0.77695,0.0
764,416.950195,0.70513,0.7071,0.77699,0.0
765,182.621841,0.70504,0.70692,0.77697,0.0
766,196.93222,0.7051,0.70691,0.77697,0.0
767,334.493286,0.70508,0.70691,0.77689,0.0
768,-332.514801,0.70494,0.70701,0.77693,0.0
769,-224.70195,0.70486,0.70701,0.77693,0.0
770,-332.362274,0.70513,0.70688,0.777,0.0
771,419.135345,0.70512,0.70715,0.77689,0.0
772,-322.208069,0.70507,0.70689,0.77694,0.0
773,-120.656792,0.70504,0.70715,0.77705,0.0
774,-512.368225,0.70513,0.70685,0.77686,0.0
775,250.983917,0.70514,0.70685,0.77684,0.0
776,201.185211,0.70479,0.70692,0.77691,0.0
777,-297.801331,0.7047,0.70676,0.77686,0.0
778,-202.542328,0.70502,0.70684,0.77688,0.0
779,84.991402,0.70503,0.70702,0.77691,0.0
780,-404.591217,0.7049,0.70674,0.77691,0.0
781,-37.748402,0.70503,0.70675,0.77686,0.0
782,392.903534,0.70497,0.70686,0.77685,0.0
783,-298.341095,0.70501,0.70674,0.77695,0.0
784,-308.578522,0.70481,0.70684,0.77689,0.0
785,341.707336,0.70515,0.70698,0.77692,0.0
786,-361.970703,0.70491,0.70673,0.7769,0.0
787,-299.175079,0.70511,0.70656,0.77696,0.0
788,308.704102,0.70474,0.70674,0.77703,0.0
789,-97.32132,0.70485,0.70681,0.77688,0.0
790,-242.319199,0.70486,0.7067,0.77683,0.0
791,-265.718842,0.70476,0.70662,0.77693,0.0
792,-213.965729,0.70498,0.70673,0.77687,0.0
793,330.343475,0.70485,0.70658,0.77683,0.0
794,395.852783,0.70488,0.70671,0.77694,0.0
795,-401.691406,0.70494,0.70665,0.7769,0.0
796,267.822998,0.70495,0.70663,0.77688,0.0
797,-421.531677,0.70506,0.70686,0.77696,0.0
798,-159.677399,0.70476,0.70648,0.77682,0.0
799,120.564568,0.70499,0.70659,0.77688,0.0
800,-121.275818,0.70493,0.70669,0.77683,0.0
801,-353.650391,0.70488,0.7066,0.77685,0.0
802,-229.918762,0.7046,0.70661,0.77699,0.0
803,-538.852356,0.70482,0.70649,0.77696,0.0
804,469.927399,0.70484,0.70642,0.77681,0.0
805,293.868103,0.70478,0.70661,0.77685,0.0
806,-106.982872,0.70474,0.70632,0.77677,0.0
807,263.74292,0.70486,0.70648,0.77669,0.0
808,-342.514771,0.70476,0.70657,0.7768,0.0
809,257.402649,0.70479,0.70649,0.77686,0.0
810,-296.050781,0.70479,0.70647,0.77687,0.0
811,446.695801,0.70464,0.70644,0.77684,0.0
812,-144.270462,0.70451,0.70616,0.77686,0.0
813,-231.903748,0.70444,0.70631,0.77676,0.0
814,-225.088348,0.70452,0.70616,0.77679,0.0
815,462.300232,0.70461,0.70628,0.7768,0.0
816,195.141418,0.70444,0.7063,0.77671,0.0
817,-274.196777,0.70448,0.70622,0.77673,0.0
818,335.140747,0.70437,0.70635,0.77669,0.0
819,-388.462494,0.70438,0.7063,0.77677,0.0
820,-338.793488,0.7045,0.70621,0.77675,0.0
821,-229.28006,0.70446,0.70621,0.77685,0.0
822,-366.043365,0.70466,0.70621,0.77676,0.0
823,412.794312,0.70469,0.70615,0.77678,0.0
824,-243.546738,0.7047,0.70623,0.7769,0.0
825,-275.061554,0.70477,0.70628,0.77684,0.0
826,286.521057,0.70432,0.70633,0.77681,0.0
827,-198.486481,0.70463,0.70615,0.77675,0.0
828,99.311783,0.70446,0.70606,0.77685,0.0
829,-249.206573,0.70443,0.70609,0.77679,0.0
830,222.275223,0.70451,0.70607,0.77681,0.0
831,-285.180115,0.70448,0.70622,0.77676,0.0
832,-269.603271,0.70453,0.70603,0.77671,0.0
833,535.022888,0.70473,0.70623,0.77678,0.0
834,-343.317841,0.70446,0.70628,0.77669,0.0
835,278.371216,0.70442,0.70603,0.77671,0.0
836,286.018158,0.70435,0.70613,0.77677,0.0
837,-212.856262,0.70426,0.70621,0.77669,0.0
838,193.18811,0.70429,0.70618,0.77683,0.0
839,-386.89978,0.70463,0.70609,0.77675,0.0
840,300.255371,0.70437,0.70591,0.77667,0.0
841,136.95163,0.70417,0.70599,0.77664,0.0
842,-275.360077,0.70443,0.70579,0.77677,0.0
843,-150.363129,0.70439,0.70574,0.77668,0.0
844,445.262054,0.70429,0.70585,0.77668,0.0
845,-433.997559,0.70462,0.7058,0.77668,0.0
846,173.115082,0.70445,0.70592,0.77666,0.0
847,-409.875336,0.70429,0.70596,0.77673,0.0
848,-344.976135,0.70415,0.70587,0.77673,0.0
849,486.545258,0.70424,0.70577,0.77674,0.0
850,-216.121262,0.70444,0.70576,0.77674,0.0
851,-238.927612,0.70439,0.70583,0.77666,0.0
852,-347.474701,0.70413,0.70575,0.77678,0.0
853,295.805511,0.70416,0.70579,0.77673,0.0
854,304.836823,0.70419,0.70577,0.77671,0.0
855,94.189621,0.70396,0.70591,0.77679,0.0
856,-379.357819,0.70415,0.70585,0.77667,0.0
857,-66.366913,0.70417,0.70571,0.77664,0.0
858,145.292374,0.70424,0.70572,0.7767,0.0
859,-468.916473,0.70417,0.70564,0.7767,0.0
860,-129.89003,0.70411,0.70571,0.77675,0.0
861,372.996033,0.70406,0.70586,0.77665,0.0
862,-140.822418,0.70407,0.70568,0.77663,0.0
863,-316.404419,0.70417,0.7057,0.77669,0.0
864,-318.299316,0.70414,0.70573,0.77666,0.0
865,-387.825836,0.70404,0.70566,0.77672,0.0
866,240.374023,0.70398,0.7057,0.77666,0.0
867,354.632507,0.70402,0.70559,0.77679,0.0
868,-174.491089,0.70402,0.70547,0.77672,0.0
869,170.266815,0.704,0.70551,0.77674,0.0
870,-293.70871,0.7043,0.70565,0.77679,0.0
871,-208.81897,0.7044,0.70561,0.77655,0.0
872,-392.830566,0.70408,0.70548,0.77667,0.0
873,405.611908,0.70397,0.70536,0.77673,0.0
874,-362.653442,0.70405,0.70542,0.77663,0.0
875,402.344818,0.70408,0.7056,0.77674,0.0
876,-326.821777,0.704,0.70547,0.77665,0.0
877,-206.373688,0.70406,0.7055,0.77667,0.0
878,261.222473,0.70401,0.70565,0.77664,0.0
879,-140.479263,0.70407,0.70535,0.77663,0.0
880,230.784607,0.70421,0.70524,0.77661,0.0
881,426.685455,0.70406,0.70525,0.77658,0.0
882,-372.819916,0.70396,0.70556,0.77668,0.0
883,-529.151978,0.70397,0.70541,0.77659,0.0
884,-369.639648,0.70411,0.70524,0.77657,0.0
885,450.714966,0.70388,0.70546,0.77655,0.0
886,186.927719,0.70383,0.70541,0.77667,0.0
887,108.217247,0.70397,0.70526,0.77672,0.0
888,533.320923,0.70397,0.70541,0.77658,0.0
889,360.291687,0.70387,0.7054,0.77669,0.0
890,283.784027,0.70394,0.70531,0.77683,0.0
891,463.891479,0.70411,0.70546,0.77655,0.0
892,202.713394,0.70381,0.70536,0.77657,0.0
893,360.025909,0.70393,0.70517,0.7767,0.0
894,236.320938,0.7039,0.7052,0.77675,0.0
895,406.2612,0.70389,0.70537,0.77667,0.0
896,-463.790161,0.70376,0.70505,0.77669,0.0
897,261.65979,0.70402,0.70524,0.77662,0.0
898,-451.94458,0.70389,0.70503,0.77676,0.0
899,547.631958,0.70382,0.7052,0.77661,0.0
900,-375.297607,0.70391,0.70511,0.77655,0.0
901,-246.218628,0.70379,0.70496,0.77653,0.0
902,-131.516708,0.70367,0.70511,0.77671,0.0
903,402.526825,0.70386,0.70526,0.77663,0.0
904,-459.686554,0.70364,0.70505,0.77669,0.0
905,454.38559,0.70385,0.70501,0.77662,0.0
906,284.629944,0.70381,0.70522,0.77668,0.0
907,-501.109283,0.70364,0.7049,0.77665,0.0
908,210.565842,0.70368,0.70507,0.77656,0.0
909,-214.024902,0.70379,0.70496,0.77652,0.0
910,327.162689,0.70368,0.70497,0.77659,0.0
911,-231.259018,0.70376,0.7049,0.77658,0.0
912,378.687531,0.70359,0.7049,0.77666,0.0
913,-88.127426,0.7034,0.70489,0.77658,0.0
914,-338.290375,0.70358,0.70482,0.77656,0.0
915,186.513458,0.70363,0.70497,0.77655,0.0
916,-93.278358,0.70347,0.70481,0.77666,0.0
917,-214.796371,0.7039,0.70495,0.77656,0.0
918,218.632507,0.70384,0.70496,0.77664,0.0
919,-473.131744,0.70348,0.70496,0.7765,0.0
920,502.983917,0.70358,0.70489,0.77663,0.0
921,-224.990143,0.70352,0.70491,0.77668,0.0
922,270.485107,0.70362,0.70486,0.77662,0.0
923,365.946075,0.70337,0.70505,0.77659,0.0
924,-238.86171,0.70366,0.70487,0.77649,0.0
925,423.358368,0.70342,0.70489,0.77652,0.0
926,-276.40152,0.70355,0.70474,0.77648,0.0
927,336.302338,0.7037,0.70479,0.77657,0.0
928,95.934158,0.7036,0.70479,0.77648,0.0
929,179.742233,0.70367,0.70471,0.77664,0.0
930,114.379974,0.70338,0.70488,0.7765,0.0
931,-421.399017,0.70355,0.70454,0.77653,0.0
932,-173.609329,0.70338,0.70471,0.77653,0.0
933,182.947495,0.70316,0.70464,0.77662,0.0
934,318.917053,0.70365,0.70481,0.77657,0.0
935,-202.476608,0.70337,0.70477,0.77651,0.0
936,355.635925,0.70348,0.70477,0.77663,0.0
937,220.332809,0.70327,0.70462,0.77663,0.0
938,-375.947174,0.70335,0.70459,0.77654,0.0
939,383.008942,0.70362,0.70459,0.7765,0.0
940,255.866028,0.70368,0.7046,0.77661,0.0
941,398.096039,0.7035,0.70466,0.77655,0.0
942,375.601227,0.70326,0.70481,0.77643,0.0
943,-396.204285,0.70352,0.70433,0.77656,0.0
944,459.224884,0.70356,0.70472,0.77653,0.0
945,-383.213867,0.70336,0.70445,0.77637,0.0
946,169.406036,0.70338,0.70446,0.77652,0.0
947,66.333267,0.70336,0.70445,0.77661,0.0
948,-315.821198,0.70339,0.70459,0.77665,0.0
949,-399.356934,0.70338,0.70463,0.77662,0.0
950,-172.49205,0.70328,0.70441,0.77651,0.0
951,287.168884,0.70332,0.70428,0.77646,0.0
952,266.584045,0.70316,0.70432,0.7765,0.0
953,-336.676697,0.70337,0.70445,0.77666,0.0
954,-172.290024,0.70338,0.70444,0.77659,0.0
955,-194.599915,0.70345,0.7042,0.77655,0.0
956,-383.547485,0.70331,0.70444,0.77652,0.0
957,-146.237427,0.70331,0.70447,0.77649,0.0
958,433.289032,0.70323,0.70447,0.77649,0.0
959,250.312271,0.70322,0.70456,0.77654,0.0
960,290.81012,0.70328,0.70441,0.77651,0.0
961,-213.055878,0.70327,0.70446,0.77656,0.0
962,288.749176,0.70319,0.70447,0.77648,0.0
963,298.363617,0.70303,0.70441,0.77643,0.0
964,278.495209,0.70338,0.70452,0.77637,0.0
965,-138.698532,0.703,0.70427,0.77643,0.0
966,156.113495,0.70312,0.70432,0.77645,0.0
967,-224.010681,0.70322,0.70439,0.77638,0.0
968,296.095276,0.70316,0.70422,0.77656,0.0
969,-306.031799,0.70309,0.7042,0.77653,0.0
970,170.889008,0.70324,0.70434,0.77652,0.0
971,498.838684,0.70324,0.70431,0.77654,0.0
972,-315.162933,0.70302,0.70426,0.7765,0.0
973,-345.241302,0.70315,0.7043,0.77642,0.0
974,-482.474426,0.7032,0.70438,0.7764,0.0
975,-146.165863,0.70339,0.70418,0.77641,0.0
976,350.507996,0.70312,0.70432,0.77641,0.0
977,-136.235031,0.70292,0.70416,0.7765,0.0
978,-208.201569,0.70321,0.70407,0.77634,0.0
979,-163.242966,0.70283,0.70411,0.77647,0.0
980,376.114716,0.70299,0.70408,0.77648,0.0
981,-316.883636,0.70294,0.70409,0.77642,0.0
982,43.444962,0.70301,0.70415,0.77649,0.0
983,-304.586578,0.70302,0.704,0.77635,0.0
984,86.211082,0.70312,0.70396,0.77644,0.0
985,-180.519424,0.70304,0.70406,0.77652,0.0
986,-292.488617,0.70313,0.70402,0.77636,0.0
987,-313.074951,0.70323,0.70406,0.77645,0.0
988,214.488571,0.70312,0.70382,0.77648,0.0
989,297.924805,0.70273,0.70413,0.77642,0.0
990,-186.905609,0.70299,0.70403,0.77636,0.0
991,233.226929,0.70302,0.70411,0.7764,0.0
992,251.108322,0.70323,0.70392,0.77642,0.0
993,-345.704346,0.70308,0.70378,0.77643,0.0
994,96.868919,0.70301,0.70389,0.77641,0.0
995,240.550934,0.70293,0.70386,0.77638,0.0
996,-387.566803,0.70277,0.70384,0.7764,0.0
997,-269.019165,0.7029,0.70378,0.77639,0.0
998,-179.787903,0.7029,0.70389,0.77633,0.0
999,262.792542,0.70303,0.70398,0.77638,0.0
1000,363.364471,0.70298,0.70391,0.77643,0.0
1001,-200.360947,0.70288,0.70383,0.77637,0.0
1002,321.041016,0.7028,0.70386,0.77645,0.0
1003,-214.0168,0.70281,0.70376,0.77643,0.0
1004,383.273529,0.70299,0.70379,0.77643,0.0
1005,-364.500427,0.70306,0.70356,0.77632,0.0
1006,320.601166,0.70277,0.70383,0.77648,0.0
1007,-99.537483,0.70296,0.70368,0.77645,0.0
1008,339.717255,0.70272,0.70383,0.77643,0.0
1009,290.088959,0.70269,0.7037,0.77635,0.0
1010,390.451569,0.70282,0.70391,0.77643,0.0
1011,310.420807,0.703,0.70393,0.77643,0.0
1012,-395.452576,0.70286,0.70356,0.77634,0.0
1013,290.611816,0.70288,0.70377,0.77642,0.0
1014,412.496185,0.70275,0.70379,0.77646,0.0
1015,177.974731,0.70287,0.70342,0.77635,0.0
1016,498.176239,0.70268,0.70378,0.7764,0.0
1017,-543.280029,0.70274,0.70367,0.77635,0.0
1018,-294.297943,0.70302,0.70365,0.77639,0.0
1019,534.088745,0.70265,0.70341,0.77647,0.0
1020,373.559998,0.70255,0.70364,0.7764,0.0
1021,-404.571472,0.70248,0.70363,0.77628,0.0
1022,197.448746,0.70252,0.70351,0.77635,0.0
1023,-420.960541,0.7028,0.70339,0.77629,0.0
1024,432.608551,0.70283,0.70357,0.77637,0.0
1025,-193.928223,0.7027,0.70353,0.77642,0.0
1026,-401.605957,0.70276,0.70352,0.77627,0.0
1027,222.490494,0.70271,0.70344,0.77636,0.0
1028,-309.852753,0.70273,0.70339,0.77638,0.0
1029,75.56842,0.70276,0.70359,0.77647,0.0
1030,-189.50209,0.70253,0.70338,0.77631,0.0
1031,494.963745,0.70273,0.7035,0.77638,0.0
1032,-518.453735,0.70294,0.70338,0.77629,0.0
1033,262.654877,0.70266,0.70339,0.77631,0.0
1034,171.43811,0.70265,0.70342,0.77636,0.0
1035,-94.707626,0.70261,0.70335,0.77632,0.0
1036,-308.318787,0.70258,0.70351,0.77637,0.0
1037,-296.229218,0.70272,0.70368,0.77637,0.0
1038,-428.194794,0.70265,0.70344,0.77638,0.0
1039,-201.943863,0.70261,0.70343,0.77643,0.0
1040,191.56926,0.70271,0.70328,0.77628,0.0
1041,-56.46402,0.70266,0.70353,0.77635,0.0
1042,-167.793808,0.70255,0.70342,0.77634,0.0
1043,341.967987,0.70271,0.70323,0.77633,0.0
1044,309.598633,0.70285,0.7035,0.77637,0.0
1045,-138.80748,0.70265,0.70334,0.77629,0.0
1046,253.274811,0.70248,0.70324,0.77645,0.0
1047,-175.067184,0.70251,0.70342,0.77627,0.0
1048,-489.531708,0.70248,0.70332,0.77644,0.0
1049,-349.964813,0.70256,0.70337,0.77635,0.0
1050,355.7677,0.70254,0.70329,0.77636,0.0
1051,-345.00473,0.70256,0.70317,0.7764,0.0
1052,-595.747314,0.70257,0.70328,0.77635,0.0
1053,250.919174,0.70277,0.7032,0.77637,0.0
1054,-380.077026,0.70248,0.70326,0.77635,0.0
1055,24.514942,0.7025,0.70337,0.77631,0.0
1056,-310.134674,0.70246,0.70339,0.7763,0.0
1057,-211.984756,0.70254,0.7033,0.77642,0.0
1058,90.855812,0.70256,0.70308,0.77633,0.0
1059,-341.16333,0.70231,0.70321,0.77628,0.0
1060,-522.15271,0.70231,0.70325,0.77634,0.0
1061,293.648499,0.70241,0.70305,0.77627,0.0
1062,278.452393,0.70229,0.70319,0.77631,0.0
1063,353.683319,0.70226,0.70329,0.77625,0.0
1064,-456.559235,0.7024,0.70328,0.77633,0.0
1065,-298.98233,0.70246,0.70312,0.77622,0.0
1066,-403.077118,0.70238,0.70301,0.77631,0.0
1067,320.181122,0.70235,0.70299,0.77633,0.0
1068,-266.037415,0.70234,0.70302,0.77632,0.0
1069,402.001587,0.70245,0.70309,0.77631,0.0
1070,186.153946,0.70254,0.7031,0.7763,0.0
1071,-350.699615,0.70215,0.70294,0.77622,0.0
1072,412.897186,0.70218,0.7031,0.7762,0.0
1073,273.229767,0.70229,0.70304,0.77615,0.0
1074,-188.382904,0.70219,0.70326,0.77633,0.0
1075,-432.029938,0.7022,0.70306,0.77629,0.0
1076,-318.296265,0.70238,0.70315,0.77623,0.0
1077,235.969238,0.70223,0.70311,0.77631,0.0
1078,-357.922546,0.70236,0.70301,0.77631,0.0
1079,-401.956421,0.70235,0.70301,0.77626,0.0
1080,282.611542,0.70255,0.70304,0.77627,0.0
1081,232.334518,0.70224,0.70309,0.77621,0.0
1082,-358.969086,0.70232,0.70302,0.77624,0.0
1083,385.074554,0.70226,0.70288,0.77633,0.0
1084,-286.435455,0.70219,0.70297,0.77619,0.0
1085,-123.828888,0.70219,0.70281,0.77619,0.0
1086,-137.862717,0.70223,0.70288,0.77623,0.0
1087,-193.593399,0.70236,0.70284,0.77622,0.0
1088,316.569336,0.70234,0.70296,0.77633,0.0
1089,-195.687729,0.70221,0.70288,0.77624,0.0
1090,-360.591553,0.70269,0.70285,0.77632,0.0
1091,174.926666,0.70197,0.7026,0.7763,0.0
1092,506.402802,0.70217,0.70288,0.77629,0.0
1093,-437.046143,0.70227,0.70288,0.77614,0.0
1094,-286.691833,0.70212,0.70295,0.77629,0.0
1095,-354.44397,0.70208,0.70299,0.77632,0.0
1096,286.735199,0.70214,0.70275,0.77625,0.0
1097,268.689972,0.70225,0.70269,0.77623,0.0
1098,-221.913651,0.70235,0.70267,0.77625,0.0
1099,-300.847839,0.70204,0.70273,0.77629,0.0
1100,350.901611,0.70205,0.70289,0.77625,0.0
1101,-452.729889,0.70231,0.70276,0.7763,0.0
1102,148.857834,0.7021,0.70279,0.77627,0.0
1103,411.832947,0.70193,0.70295,0.77626,0.0
1104,-261.553345,0.70185,0.70283,0.7762,0.0
1105,223.031876,0.70203,0.70261,0.77616,0.0
1106,193.880325,0.70192,0.70268,0.77625,0.0
1107,-432.970703,0.70203,0.70266,0.77629,0.0
1108,347.561554,0.70188,0.70271,0.77635,0.0
1109,355.683411,0.70208,0.70271,0.77618,0.0
1110,152.665192,0.70218,0.70256,0.77613,0.0
1111,372.377167,0.70178,0.70254,0.7761,0.0
1112,-127.110641,0.70205,0.70279,0.7762,0.0
1113,-318.361816,0.70215,0.70253,0.77617,0.0
1114,-412.838898,0.70197,0.7025,0.77621,0.0
1115,-67.211929,0.70191,0.70251,0.77622,0.0
1116,410.867432,0.70194,0.70248,0.77622,0.0
1117,-254.456665,0.70182,0.7024,0.77617,0.0
1118,432.860443,0.70214,0.7026,0.77624,0.0
1119,-333.87085,0.70192,0.70257,0.7763,0.0
1120,474.93924,0.7019,0.70247,0.77632,0.0
1121,305.361969,0.70178,0.70238,0.77613,0.0
1122,213.548935,0.70188,0.70226,0.77625,0.0
1123,128.859161,0.70193,0.70262,0.7762,0.0
1124,-338.891907,0.70205,0.70239,0.77619,0.0
1125,-231.870544,0.70198,0.70241,0.77613,0.0
1126,179.27774,0.70184,0.70239,0.77615,0.0
1127,394.337646,0.70193,0.7024,0.77617,0.0
1128,-542.993225,0.70202,0.7026,0.77629,0.0
1129,-326.331421,0.70218,0.70243,0.77625,0.0
1130,463.202026,0.70199,0.70236,0.77621,0.0
1131,129.266296,0.70212,0.70244,0.77623,0.0
1132,86.877151,0.70192,0.70234,0.7762,0.0
1133,653.009155,0.70197,0.70209,0.77623,0.0
1134,-153.848694,0.7018,0.70233,0.77619,0.0
1135,-273.75882,0.70183,0.70246,0.77616,0.0
1136,-136.348099,0.70181,0.70233,0.77611,0.0
1137,-174.422165,0.70186,0.70231,0.77617,0.0
1138,-253.040314,0.70186,0.70221,0.7762,0.0
1139,-177.526779,0.70195,0.702,0.77616,0.0
1140,329.844116,0.7017,0.70225,0.7763,0.0
1141,84.688118,0.70176,0.70218,0.77608,0.0
1142,86.785797,0.70173,0.70218,0.77614,0.0
1143,236.082291,0.70193,0.70208,0.77603,0.0
1144,471.791565,0.70178,0.7023,0.77611,0.0
1145,126.922333,0.70206,0.70236,0.77614,0.0
1146,460.954193,0.7019,0.70229,0.77619,0.0
1147,-405.247437,0.70186,0.70231,0.77615,0.0
1148,524.672668,0.70168,0.70245,0.77604,0.0
1149,-259.013947,0.70179,0.70225,0.7762,0.0
1150,259.018219,0.70164,0.70224,0.77611,0.0
1151,115.18589,0.70167,0.702,0.77615,0.0
1152,-366.264221,0.70195,0.70222,0.77615,0.0
1153,-179.225464,0.70159,0.70216,0.77608,0.0
1154,119.503731,0.70169,0.70223,0.77611,0.0
1155,299.210052,0.70172,0.70211,0.77618,0.0
1156,442.116272,0.70158,0.70215,0.77613,0.0
1157,-313.134308,0.70158,0.70205,0.77612,0.0
1158,326.525635,0.70168,0.70201,0.77614,0.0
1159,435.206482,0.70192,0.70202,0.77603,0.0
1160,418.499634,0.70158,0.70224,0.77609,0.0
1161,-350.309448,0.70157,0.70195,0.77617,0.0
1162,439.638275,0.70149,0.70189,0.7761,0.0
1163,-341.036316,0.7016,0.70199,0.77611,0.0
1164,251.84259,0.70135,0.70203,0.77617,0.0
1165,-283.118835,0.70162,0.70201,0.77615,0.0
1166,-273.358002,0.70161,0.70196,0.77618,0.0
1167,270.766174,0.70157,0.702,0.77608,0.0
1168,340.23941,0.7014,0.7021,0.77615,0.0
1169,-200.111526,0.70149,0.70204,0.77623,0.0
1170,-364.911957,0.70143,0.70179,0.7761,0.0
1171,-304.560913,0.70141,0.70199,0.7762,0.0
1172,94.553093,0.70171,0.70189,0.77612,0.0
